"Diagnoses_Count","Year","Cancer_Type","AgeGroup","Sex"
17,2005,"Colorectal cancer",3,1
4,2005,"Colorectal cancer",6,1
16,2005,"Colorectal cancer",7,1
37,2005,"Colorectal cancer",9,1
28,2005,"Colorectal cancer",10,1
71,2005,"Colorectal cancer",11,1
93,2005,"Colorectal cancer",12,1
152,2005,"Colorectal cancer",13,1
160,2005,"Colorectal cancer",14,1
143,2005,"Colorectal cancer",15,1
150,2005,"Colorectal cancer",16,1
98,2005,"Colorectal cancer",17,1
40,2005,"Colorectal cancer",18,1
13,2005,"Colorectal cancer",3,2
23,2005,"Colorectal cancer",4,2
7,2005,"Colorectal cancer",6,2
18,2005,"Colorectal cancer",8,2
18,2005,"Colorectal cancer",9,2
16,2005,"Colorectal cancer",10,2
50,2005,"Colorectal cancer",11,2
53,2005,"Colorectal cancer",12,2
68,2005,"Colorectal cancer",13,2
88,2005,"Colorectal cancer",14,2
106,2005,"Colorectal cancer",15,2
149,2005,"Colorectal cancer",16,2
100,2005,"Colorectal cancer",17,2
110,2005,"Colorectal cancer",18,2
6,2006,"Colorectal cancer",2,1
7,2006,"Colorectal cancer",6,1
21,2006,"Colorectal cancer",7,1
20,2006,"Colorectal cancer",8,1
32,2006,"Colorectal cancer",9,1
37,2006,"Colorectal cancer",10,1
80,2006,"Colorectal cancer",11,1
99,2006,"Colorectal cancer",12,1
117,2006,"Colorectal cancer",13,1
165,2006,"Colorectal cancer",14,1
152,2006,"Colorectal cancer",15,1
150,2006,"Colorectal cancer",16,1
87,2006,"Colorectal cancer",17,1
45,2006,"Colorectal cancer",18,1
3,2006,"Colorectal cancer",1,2
9,2006,"Colorectal cancer",2,2
20,2006,"Colorectal cancer",4,2
4,2006,"Colorectal cancer",7,2
17,2006,"Colorectal cancer",8,2
3,2006,"Colorectal cancer",9,2
53,2006,"Colorectal cancer",10,2
45,2006,"Colorectal cancer",11,2
73,2006,"Colorectal cancer",12,2
85,2006,"Colorectal cancer",13,2
129,2006,"Colorectal cancer",14,2
116,2006,"Colorectal cancer",15,2
129,2006,"Colorectal cancer",16,2
119,2006,"Colorectal cancer",17,2
68,2006,"Colorectal cancer",18,2
7,2007,"Colorectal cancer",1,1
7,2007,"Colorectal cancer",3,1
24,2007,"Colorectal cancer",9,1
25,2007,"Colorectal cancer",10,1
65,2007,"Colorectal cancer",11,1
140,2007,"Colorectal cancer",12,1
143,2007,"Colorectal cancer",13,1
171,2007,"Colorectal cancer",14,1
173,2007,"Colorectal cancer",15,1
124,2007,"Colorectal cancer",16,1
103,2007,"Colorectal cancer",17,1
78,2007,"Colorectal cancer",18,1
14,2007,"Colorectal cancer",2,2
7,2007,"Colorectal cancer",3,2
15,2007,"Colorectal cancer",6,2
5,2007,"Colorectal cancer",8,2
13,2007,"Colorectal cancer",9,2
46,2007,"Colorectal cancer",10,2
37,2007,"Colorectal cancer",11,2
71,2007,"Colorectal cancer",12,2
85,2007,"Colorectal cancer",13,2
131,2007,"Colorectal cancer",14,2
105,2007,"Colorectal cancer",15,2
112,2007,"Colorectal cancer",16,2
130,2007,"Colorectal cancer",17,2
103,2007,"Colorectal cancer",18,2
8,2008,"Colorectal cancer",1,1
6,2008,"Colorectal cancer",2,1
7,2008,"Colorectal cancer",3,1
6,2008,"Colorectal cancer",5,1
15,2008,"Colorectal cancer",6,1
1,2008,"Colorectal cancer",7,1
32,2008,"Colorectal cancer",8,1
33,2008,"Colorectal cancer",9,1
27,2008,"Colorectal cancer",10,1
75,2008,"Colorectal cancer",11,1
91,2008,"Colorectal cancer",12,1
138,2008,"Colorectal cancer",13,1
172,2008,"Colorectal cancer",14,1
164,2008,"Colorectal cancer",15,1
140,2008,"Colorectal cancer",16,1
129,2008,"Colorectal cancer",17,1
56,2008,"Colorectal cancer",18,1
7,2008,"Colorectal cancer",1,2
8,2008,"Colorectal cancer",2,2
15,2008,"Colorectal cancer",6,2
7,2008,"Colorectal cancer",8,2
20,2008,"Colorectal cancer",9,2
30,2008,"Colorectal cancer",10,2
33,2008,"Colorectal cancer",11,2
66,2008,"Colorectal cancer",12,2
89,2008,"Colorectal cancer",13,2
143,2008,"Colorectal cancer",14,2
119,2008,"Colorectal cancer",15,2
143,2008,"Colorectal cancer",16,2
116,2008,"Colorectal cancer",17,2
103,2008,"Colorectal cancer",18,2
7,2009,"Colorectal cancer",3,1
7,2009,"Colorectal cancer",4,1
10,2009,"Colorectal cancer",6,1
11,2009,"Colorectal cancer",8,1
23,2009,"Colorectal cancer",9,1
54,2009,"Colorectal cancer",10,1
63,2009,"Colorectal cancer",11,1
83,2009,"Colorectal cancer",12,1
139,2009,"Colorectal cancer",13,1
161,2009,"Colorectal cancer",14,1
144,2009,"Colorectal cancer",15,1
150,2009,"Colorectal cancer",16,1
109,2009,"Colorectal cancer",17,1
83,2009,"Colorectal cancer",18,1
17,2009,"Colorectal cancer",1,2
4,2009,"Colorectal cancer",2,2
5,2009,"Colorectal cancer",5,2
17,2009,"Colorectal cancer",6,2
17,2009,"Colorectal cancer",7,2
25,2009,"Colorectal cancer",8,2
30,2009,"Colorectal cancer",9,2
25,2009,"Colorectal cancer",10,2
52,2009,"Colorectal cancer",11,2
53,2009,"Colorectal cancer",12,2
104,2009,"Colorectal cancer",13,2
81,2009,"Colorectal cancer",14,2
136,2009,"Colorectal cancer",15,2
114,2009,"Colorectal cancer",16,2
108,2009,"Colorectal cancer",17,2
112,2009,"Colorectal cancer",18,2
15,2010,"Colorectal cancer",3,1
13,2010,"Colorectal cancer",4,1
16,2010,"Colorectal cancer",5,1
12,2010,"Colorectal cancer",6,1
7,2010,"Colorectal cancer",8,1
8,2010,"Colorectal cancer",9,1
43,2010,"Colorectal cancer",10,1
80,2010,"Colorectal cancer",11,1
117,2010,"Colorectal cancer",12,1
134,2010,"Colorectal cancer",13,1
196,2010,"Colorectal cancer",14,1
185,2010,"Colorectal cancer",15,1
142,2010,"Colorectal cancer",16,1
86,2010,"Colorectal cancer",17,1
75,2010,"Colorectal cancer",18,1
16,2010,"Colorectal cancer",1,2
18,2010,"Colorectal cancer",2,2
2,2010,"Colorectal cancer",6,2
24,2010,"Colorectal cancer",7,2
25,2010,"Colorectal cancer",8,2
33,2010,"Colorectal cancer",9,2
23,2010,"Colorectal cancer",10,2
48,2010,"Colorectal cancer",11,2
92,2010,"Colorectal cancer",12,2
68,2010,"Colorectal cancer",13,2
91,2010,"Colorectal cancer",14,2
109,2010,"Colorectal cancer",15,2
109,2010,"Colorectal cancer",16,2
112,2010,"Colorectal cancer",17,2
119,2010,"Colorectal cancer",18,2
7,2011,"Colorectal cancer",3,1
3,2011,"Colorectal cancer",4,1
29,2011,"Colorectal cancer",7,1
7,2011,"Colorectal cancer",9,1
59,2011,"Colorectal cancer",10,1
57,2011,"Colorectal cancer",11,1
90,2011,"Colorectal cancer",12,1
131,2011,"Colorectal cancer",13,1
175,2011,"Colorectal cancer",14,1
210,2011,"Colorectal cancer",15,1
165,2011,"Colorectal cancer",16,1
103,2011,"Colorectal cancer",17,1
105,2011,"Colorectal cancer",18,1
4,2011,"Colorectal cancer",2,2
19,2011,"Colorectal cancer",3,2
36,2011,"Colorectal cancer",8,2
19,2011,"Colorectal cancer",10,2
58,2011,"Colorectal cancer",11,2
63,2011,"Colorectal cancer",12,2
96,2011,"Colorectal cancer",13,2
97,2011,"Colorectal cancer",14,2
143,2011,"Colorectal cancer",15,2
138,2011,"Colorectal cancer",16,2
139,2011,"Colorectal cancer",17,2
138,2011,"Colorectal cancer",18,2
3,2012,"Colorectal cancer",2,1
1,2012,"Colorectal cancer",4,1
4,2012,"Colorectal cancer",5,1
11,2012,"Colorectal cancer",7,1
29,2012,"Colorectal cancer",8,1
20,2012,"Colorectal cancer",9,1
39,2012,"Colorectal cancer",10,1
73,2012,"Colorectal cancer",11,1
108,2012,"Colorectal cancer",12,1
116,2012,"Colorectal cancer",13,1
176,2012,"Colorectal cancer",14,1
161,2012,"Colorectal cancer",15,1
184,2012,"Colorectal cancer",16,1
126,2012,"Colorectal cancer",17,1
88,2012,"Colorectal cancer",18,1
1,2012,"Colorectal cancer",2,2
21,2012,"Colorectal cancer",5,2
21,2012,"Colorectal cancer",7,2
15,2012,"Colorectal cancer",9,2
29,2012,"Colorectal cancer",10,2
75,2012,"Colorectal cancer",11,2
45,2012,"Colorectal cancer",12,2
85,2012,"Colorectal cancer",13,2
116,2012,"Colorectal cancer",14,2
91,2012,"Colorectal cancer",15,2
116,2012,"Colorectal cancer",16,2
114,2012,"Colorectal cancer",17,2
117,2012,"Colorectal cancer",18,2
5,2013,"Colorectal cancer",2,1
21,2013,"Colorectal cancer",3,1
23,2013,"Colorectal cancer",4,1
9,2013,"Colorectal cancer",5,1
25,2013,"Colorectal cancer",6,1
23,2013,"Colorectal cancer",8,1
52,2013,"Colorectal cancer",9,1
15,2013,"Colorectal cancer",10,1
74,2013,"Colorectal cancer",11,1
102,2013,"Colorectal cancer",12,1
140,2013,"Colorectal cancer",13,1
146,2013,"Colorectal cancer",14,1
151,2013,"Colorectal cancer",15,1
145,2013,"Colorectal cancer",16,1
146,2013,"Colorectal cancer",17,1
64,2013,"Colorectal cancer",18,1
2,2013,"Colorectal cancer",3,2
6,2013,"Colorectal cancer",5,2
8,2013,"Colorectal cancer",7,2
10,2013,"Colorectal cancer",8,2
41,2013,"Colorectal cancer",9,2
28,2013,"Colorectal cancer",10,2
40,2013,"Colorectal cancer",11,2
45,2013,"Colorectal cancer",12,2
92,2013,"Colorectal cancer",13,2
123,2013,"Colorectal cancer",14,2
101,2013,"Colorectal cancer",15,2
139,2013,"Colorectal cancer",16,2
128,2013,"Colorectal cancer",17,2
148,2013,"Colorectal cancer",18,2
11,2014,"Colorectal cancer",2,1
9,2014,"Colorectal cancer",4,1
21,2014,"Colorectal cancer",5,1
9,2014,"Colorectal cancer",6,1
25,2014,"Colorectal cancer",7,1
5,2014,"Colorectal cancer",8,1
13,2014,"Colorectal cancer",9,1
56,2014,"Colorectal cancer",10,1
77,2014,"Colorectal cancer",11,1
107,2014,"Colorectal cancer",12,1
157,2014,"Colorectal cancer",13,1
182,2014,"Colorectal cancer",14,1
196,2014,"Colorectal cancer",15,1
176,2014,"Colorectal cancer",16,1
137,2014,"Colorectal cancer",17,1
89,2014,"Colorectal cancer",18,1
5,2014,"Colorectal cancer",3,2
13,2014,"Colorectal cancer",4,2
22,2014,"Colorectal cancer",5,2
27,2014,"Colorectal cancer",7,2
18,2014,"Colorectal cancer",8,2
30,2014,"Colorectal cancer",9,2
44,2014,"Colorectal cancer",10,2
74,2014,"Colorectal cancer",11,2
57,2014,"Colorectal cancer",12,2
89,2014,"Colorectal cancer",13,2
112,2014,"Colorectal cancer",14,2
102,2014,"Colorectal cancer",15,2
129,2014,"Colorectal cancer",16,2
115,2014,"Colorectal cancer",17,2
140,2014,"Colorectal cancer",18,2
8,2015,"Colorectal cancer",2,1
8,2015,"Colorectal cancer",3,1
21,2015,"Colorectal cancer",5,1
3,2015,"Colorectal cancer",7,1
27,2015,"Colorectal cancer",8,1
21,2015,"Colorectal cancer",9,1
33,2015,"Colorectal cancer",10,1
72,2015,"Colorectal cancer",11,1
114,2015,"Colorectal cancer",12,1
136,2015,"Colorectal cancer",13,1
173,2015,"Colorectal cancer",14,1
182,2015,"Colorectal cancer",15,1
168,2015,"Colorectal cancer",16,1
149,2015,"Colorectal cancer",17,1
116,2015,"Colorectal cancer",18,1
6,2015,"Colorectal cancer",2,2
17,2015,"Colorectal cancer",3,2
9,2015,"Colorectal cancer",4,2
10,2015,"Colorectal cancer",5,2
12,2015,"Colorectal cancer",6,2
24,2015,"Colorectal cancer",7,2
16,2015,"Colorectal cancer",8,2
12,2015,"Colorectal cancer",9,2
18,2015,"Colorectal cancer",10,2
53,2015,"Colorectal cancer",11,2
71,2015,"Colorectal cancer",12,2
84,2015,"Colorectal cancer",13,2
98,2015,"Colorectal cancer",14,2
122,2015,"Colorectal cancer",15,2
132,2015,"Colorectal cancer",16,2
132,2015,"Colorectal cancer",17,2
140,2015,"Colorectal cancer",18,2
7,2016,"Colorectal cancer",2,1
23,2016,"Colorectal cancer",4,1
20,2016,"Colorectal cancer",5,1
29,2016,"Colorectal cancer",6,1
32,2016,"Colorectal cancer",7,1
11,2016,"Colorectal cancer",8,1
28,2016,"Colorectal cancer",9,1
49,2016,"Colorectal cancer",10,1
65,2016,"Colorectal cancer",11,1
75,2016,"Colorectal cancer",12,1
154,2016,"Colorectal cancer",13,1
174,2016,"Colorectal cancer",14,1
215,2016,"Colorectal cancer",15,1
161,2016,"Colorectal cancer",16,1
115,2016,"Colorectal cancer",17,1
105,2016,"Colorectal cancer",18,1
21,2016,"Colorectal cancer",4,2
13,2016,"Colorectal cancer",7,2
7,2016,"Colorectal cancer",8,2
24,2016,"Colorectal cancer",10,2
66,2016,"Colorectal cancer",11,2
61,2016,"Colorectal cancer",12,2
85,2016,"Colorectal cancer",13,2
111,2016,"Colorectal cancer",14,2
126,2016,"Colorectal cancer",15,2
140,2016,"Colorectal cancer",16,2
134,2016,"Colorectal cancer",17,2
135,2016,"Colorectal cancer",18,2
2,2017,"Colorectal cancer",3,1
12,2017,"Colorectal cancer",7,1
27,2017,"Colorectal cancer",8,1
43,2017,"Colorectal cancer",9,1
54,2017,"Colorectal cancer",10,1
67,2017,"Colorectal cancer",11,1
88,2017,"Colorectal cancer",12,1
130,2017,"Colorectal cancer",13,1
172,2017,"Colorectal cancer",14,1
227,2017,"Colorectal cancer",15,1
163,2017,"Colorectal cancer",16,1
121,2017,"Colorectal cancer",17,1
113,2017,"Colorectal cancer",18,1
15,2017,"Colorectal cancer",3,2
23,2017,"Colorectal cancer",5,2
7,2017,"Colorectal cancer",7,2
33,2017,"Colorectal cancer",8,2
48,2017,"Colorectal cancer",9,2
40,2017,"Colorectal cancer",10,2
50,2017,"Colorectal cancer",11,2
79,2017,"Colorectal cancer",12,2
97,2017,"Colorectal cancer",13,2
116,2017,"Colorectal cancer",14,2
127,2017,"Colorectal cancer",15,2
122,2017,"Colorectal cancer",16,2
110,2017,"Colorectal cancer",17,2
146,2017,"Colorectal cancer",18,2
15,2018,"Colorectal cancer",1,1
19,2018,"Colorectal cancer",3,1
15,2018,"Colorectal cancer",5,1
22,2018,"Colorectal cancer",6,1
1,2018,"Colorectal cancer",7,1
7,2018,"Colorectal cancer",8,1
27,2018,"Colorectal cancer",9,1
45,2018,"Colorectal cancer",10,1
67,2018,"Colorectal cancer",11,1
85,2018,"Colorectal cancer",12,1
140,2018,"Colorectal cancer",13,1
150,2018,"Colorectal cancer",14,1
201,2018,"Colorectal cancer",15,1
164,2018,"Colorectal cancer",16,1
149,2018,"Colorectal cancer",17,1
87,2018,"Colorectal cancer",18,1
1,2018,"Colorectal cancer",2,2
14,2018,"Colorectal cancer",3,2
4,2018,"Colorectal cancer",5,2
28,2018,"Colorectal cancer",7,2
14,2018,"Colorectal cancer",8,2
8,2018,"Colorectal cancer",9,2
41,2018,"Colorectal cancer",10,2
50,2018,"Colorectal cancer",11,2
60,2018,"Colorectal cancer",12,2
77,2018,"Colorectal cancer",13,2
105,2018,"Colorectal cancer",14,2
117,2018,"Colorectal cancer",15,2
128,2018,"Colorectal cancer",16,2
150,2018,"Colorectal cancer",17,2
140,2018,"Colorectal cancer",18,2
6,2019,"Colorectal cancer",3,1
8,2019,"Colorectal cancer",4,1
9,2019,"Colorectal cancer",7,1
6,2019,"Colorectal cancer",8,1
24,2019,"Colorectal cancer",9,1
40,2019,"Colorectal cancer",10,1
96,2019,"Colorectal cancer",11,1
90,2019,"Colorectal cancer",12,1
165,2019,"Colorectal cancer",13,1
172,2019,"Colorectal cancer",14,1
212,2019,"Colorectal cancer",15,1
167,2019,"Colorectal cancer",16,1
157,2019,"Colorectal cancer",17,1
139,2019,"Colorectal cancer",18,1
2,2019,"Colorectal cancer",1,2
9,2019,"Colorectal cancer",3,2
16,2019,"Colorectal cancer",4,2
19,2019,"Colorectal cancer",5,2
27,2019,"Colorectal cancer",6,2
8,2019,"Colorectal cancer",7,2
17,2019,"Colorectal cancer",8,2
41,2019,"Colorectal cancer",9,2
41,2019,"Colorectal cancer",10,2
64,2019,"Colorectal cancer",11,2
42,2019,"Colorectal cancer",12,2
94,2019,"Colorectal cancer",13,2
119,2019,"Colorectal cancer",14,2
144,2019,"Colorectal cancer",15,2
102,2019,"Colorectal cancer",16,2
137,2019,"Colorectal cancer",17,2
131,2019,"Colorectal cancer",18,2
2,2020,"Colorectal cancer",1,1
2,2020,"Colorectal cancer",4,1
18,2020,"Colorectal cancer",5,1
8,2020,"Colorectal cancer",6,1
15,2020,"Colorectal cancer",7,1
41,2020,"Colorectal cancer",8,1
32,2020,"Colorectal cancer",9,1
42,2020,"Colorectal cancer",10,1
69,2020,"Colorectal cancer",11,1
95,2020,"Colorectal cancer",12,1
112,2020,"Colorectal cancer",13,1
140,2020,"Colorectal cancer",14,1
168,2020,"Colorectal cancer",15,1
124,2020,"Colorectal cancer",16,1
122,2020,"Colorectal cancer",17,1
119,2020,"Colorectal cancer",18,1
1,2020,"Colorectal cancer",1,2
16,2020,"Colorectal cancer",2,2
4,2020,"Colorectal cancer",6,2
37,2020,"Colorectal cancer",7,2
32,2020,"Colorectal cancer",8,2
43,2020,"Colorectal cancer",9,2
32,2020,"Colorectal cancer",10,2
36,2020,"Colorectal cancer",11,2
56,2020,"Colorectal cancer",12,2
91,2020,"Colorectal cancer",13,2
115,2020,"Colorectal cancer",14,2
120,2020,"Colorectal cancer",15,2
93,2020,"Colorectal cancer",16,2
142,2020,"Colorectal cancer",17,2
170,2020,"Colorectal cancer",18,2
20,2021,"Colorectal cancer",2,1
1,2021,"Colorectal cancer",4,1
16,2021,"Colorectal cancer",6,1
19,2021,"Colorectal cancer",7,1
41,2021,"Colorectal cancer",8,1
17,2021,"Colorectal cancer",9,1
55,2021,"Colorectal cancer",10,1
101,2021,"Colorectal cancer",11,1
86,2021,"Colorectal cancer",12,1
110,2021,"Colorectal cancer",13,1
138,2021,"Colorectal cancer",14,1
149,2021,"Colorectal cancer",15,1
144,2021,"Colorectal cancer",16,1
114,2021,"Colorectal cancer",17,1
135,2021,"Colorectal cancer",18,1
18,2021,"Colorectal cancer",1,2
9,2021,"Colorectal cancer",4,2
9,2021,"Colorectal cancer",5,2
23,2021,"Colorectal cancer",6,2
9,2021,"Colorectal cancer",7,2
35,2021,"Colorectal cancer",8,2
20,2021,"Colorectal cancer",9,2
41,2021,"Colorectal cancer",10,2
54,2021,"Colorectal cancer",11,2
90,2021,"Colorectal cancer",12,2
80,2021,"Colorectal cancer",13,2
87,2021,"Colorectal cancer",14,2
138,2021,"Colorectal cancer",15,2
122,2021,"Colorectal cancer",16,2
131,2021,"Colorectal cancer",17,2
140,2021,"Colorectal cancer",18,2
11,2022,"Colorectal cancer",2,1
20,2022,"Colorectal cancer",6,1
4,2022,"Colorectal cancer",7,1
29,2022,"Colorectal cancer",8,1
20,2022,"Colorectal cancer",9,1
51,2022,"Colorectal cancer",10,1
71,2022,"Colorectal cancer",11,1
104,2022,"Colorectal cancer",12,1
124,2022,"Colorectal cancer",13,1
109,2022,"Colorectal cancer",14,1
160,2022,"Colorectal cancer",15,1
153,2022,"Colorectal cancer",16,1
127,2022,"Colorectal cancer",17,1
122,2022,"Colorectal cancer",18,1
15,2022,"Colorectal cancer",1,2
19,2022,"Colorectal cancer",2,2
18,2022,"Colorectal cancer",4,2
11,2022,"Colorectal cancer",5,2
10,2022,"Colorectal cancer",7,2
18,2022,"Colorectal cancer",8,2
31,2022,"Colorectal cancer",9,2
48,2022,"Colorectal cancer",10,2
69,2022,"Colorectal cancer",11,2
82,2022,"Colorectal cancer",12,2
81,2022,"Colorectal cancer",13,2
91,2022,"Colorectal cancer",14,2
94,2022,"Colorectal cancer",15,2
127,2022,"Colorectal cancer",16,2
131,2022,"Colorectal cancer",17,2
170,2022,"Colorectal cancer",18,2
14,2023,"Colorectal cancer",1,1
16,2023,"Colorectal cancer",2,1
13,2023,"Colorectal cancer",4,1
8,2023,"Colorectal cancer",5,1
5,2023,"Colorectal cancer",7,1
27,2023,"Colorectal cancer",8,1
32,2023,"Colorectal cancer",9,1
39,2023,"Colorectal cancer",10,1
91,2023,"Colorectal cancer",11,1
105,2023,"Colorectal cancer",12,1
143,2023,"Colorectal cancer",13,1
147,2023,"Colorectal cancer",14,1
140,2023,"Colorectal cancer",15,1
155,2023,"Colorectal cancer",16,1
122,2023,"Colorectal cancer",17,1
94,2023,"Colorectal cancer",18,1
5,2023,"Colorectal cancer",3,2
2,2023,"Colorectal cancer",4,2
5,2023,"Colorectal cancer",5,2
34,2023,"Colorectal cancer",7,2
45,2023,"Colorectal cancer",8,2
62,2023,"Colorectal cancer",9,2
36,2023,"Colorectal cancer",10,2
87,2023,"Colorectal cancer",11,2
87,2023,"Colorectal cancer",12,2
86,2023,"Colorectal cancer",13,2
107,2023,"Colorectal cancer",14,2
115,2023,"Colorectal cancer",15,2
124,2023,"Colorectal cancer",16,2
100,2023,"Colorectal cancer",17,2
177,2023,"Colorectal cancer",18,2
14,2005,"Pancreatic cancer",1,1
18,2005,"Pancreatic cancer",3,1
16,2005,"Pancreatic cancer",4,1
3,2005,"Pancreatic cancer",6,1
19,2005,"Pancreatic cancer",7,1
15,2005,"Pancreatic cancer",12,1
34,2005,"Pancreatic cancer",13,1
5,2005,"Pancreatic cancer",15,1
28,2005,"Pancreatic cancer",16,1
27,2005,"Pancreatic cancer",17,1
26,2005,"Pancreatic cancer",18,1
16,2005,"Pancreatic cancer",4,2
1,2005,"Pancreatic cancer",9,2
8,2005,"Pancreatic cancer",10,2
15,2005,"Pancreatic cancer",12,2
17,2005,"Pancreatic cancer",13,2
6,2005,"Pancreatic cancer",14,2
9,2005,"Pancreatic cancer",16,2
41,2005,"Pancreatic cancer",17,2
12,2005,"Pancreatic cancer",18,2
16,2006,"Pancreatic cancer",7,1
9,2006,"Pancreatic cancer",8,1
24,2006,"Pancreatic cancer",10,1
34,2006,"Pancreatic cancer",12,1
11,2006,"Pancreatic cancer",13,1
21,2006,"Pancreatic cancer",14,1
27,2006,"Pancreatic cancer",15,1
7,2006,"Pancreatic cancer",16,1
10,2006,"Pancreatic cancer",17,1
21,2006,"Pancreatic cancer",18,1
12,2006,"Pancreatic cancer",2,2
16,2006,"Pancreatic cancer",5,2
18,2006,"Pancreatic cancer",7,2
9,2006,"Pancreatic cancer",9,2
2,2006,"Pancreatic cancer",10,2
3,2006,"Pancreatic cancer",11,2
4,2006,"Pancreatic cancer",12,2
9,2006,"Pancreatic cancer",13,2
31,2006,"Pancreatic cancer",14,2
5,2006,"Pancreatic cancer",15,2
13,2006,"Pancreatic cancer",16,2
1,2006,"Pancreatic cancer",17,2
26,2006,"Pancreatic cancer",18,2
14,2007,"Pancreatic cancer",1,1
15,2007,"Pancreatic cancer",3,1
5,2007,"Pancreatic cancer",4,1
12,2007,"Pancreatic cancer",5,1
19,2007,"Pancreatic cancer",8,1
20,2007,"Pancreatic cancer",10,1
9,2007,"Pancreatic cancer",11,1
4,2007,"Pancreatic cancer",12,1
22,2007,"Pancreatic cancer",13,1
22,2007,"Pancreatic cancer",14,1
27,2007,"Pancreatic cancer",15,1
32,2007,"Pancreatic cancer",16,1
15,2007,"Pancreatic cancer",17,1
9,2007,"Pancreatic cancer",18,1
12,2007,"Pancreatic cancer",3,2
13,2007,"Pancreatic cancer",5,2
7,2007,"Pancreatic cancer",6,2
13,2007,"Pancreatic cancer",7,2
7,2007,"Pancreatic cancer",9,2
8,2007,"Pancreatic cancer",10,2
20,2007,"Pancreatic cancer",11,2
8,2007,"Pancreatic cancer",12,2
25,2007,"Pancreatic cancer",13,2
11,2007,"Pancreatic cancer",14,2
7,2007,"Pancreatic cancer",15,2
27,2007,"Pancreatic cancer",16,2
40,2007,"Pancreatic cancer",17,2
36,2007,"Pancreatic cancer",18,2
11,2008,"Pancreatic cancer",5,1
19,2008,"Pancreatic cancer",6,1
12,2008,"Pancreatic cancer",10,1
13,2008,"Pancreatic cancer",11,1
21,2008,"Pancreatic cancer",12,1
9,2008,"Pancreatic cancer",13,1
34,2008,"Pancreatic cancer",14,1
17,2008,"Pancreatic cancer",15,1
24,2008,"Pancreatic cancer",16,1
27,2008,"Pancreatic cancer",17,1
5,2008,"Pancreatic cancer",18,1
11,2008,"Pancreatic cancer",2,2
4,2008,"Pancreatic cancer",3,2
16,2008,"Pancreatic cancer",5,2
20,2008,"Pancreatic cancer",9,2
22,2008,"Pancreatic cancer",13,2
26,2008,"Pancreatic cancer",14,2
28,2008,"Pancreatic cancer",15,2
22,2008,"Pancreatic cancer",16,2
8,2008,"Pancreatic cancer",17,2
48,2008,"Pancreatic cancer",18,2
2,2009,"Pancreatic cancer",1,1
5,2009,"Pancreatic cancer",3,1
9,2009,"Pancreatic cancer",6,1
1,2009,"Pancreatic cancer",8,1
12,2009,"Pancreatic cancer",10,1
26,2009,"Pancreatic cancer",11,1
24,2009,"Pancreatic cancer",13,1
19,2009,"Pancreatic cancer",14,1
24,2009,"Pancreatic cancer",15,1
6,2009,"Pancreatic cancer",16,1
37,2009,"Pancreatic cancer",17,1
35,2009,"Pancreatic cancer",18,1
4,2009,"Pancreatic cancer",1,2
14,2009,"Pancreatic cancer",2,2
14,2009,"Pancreatic cancer",4,2
17,2009,"Pancreatic cancer",5,2
17,2009,"Pancreatic cancer",9,2
11,2009,"Pancreatic cancer",10,2
13,2009,"Pancreatic cancer",12,2
11,2009,"Pancreatic cancer",13,2
10,2009,"Pancreatic cancer",14,2
7,2009,"Pancreatic cancer",15,2
20,2009,"Pancreatic cancer",16,2
11,2009,"Pancreatic cancer",17,2
5,2009,"Pancreatic cancer",18,2
9,2010,"Pancreatic cancer",2,1
1,2010,"Pancreatic cancer",3,1
17,2010,"Pancreatic cancer",8,1
23,2010,"Pancreatic cancer",11,1
15,2010,"Pancreatic cancer",12,1
26,2010,"Pancreatic cancer",13,1
22,2010,"Pancreatic cancer",14,1
23,2010,"Pancreatic cancer",15,1
17,2010,"Pancreatic cancer",16,1
23,2010,"Pancreatic cancer",17,1
17,2010,"Pancreatic cancer",18,1
11,2010,"Pancreatic cancer",3,2
6,2010,"Pancreatic cancer",5,2
14,2010,"Pancreatic cancer",9,2
16,2010,"Pancreatic cancer",10,2
29,2010,"Pancreatic cancer",12,2
19,2010,"Pancreatic cancer",13,2
29,2010,"Pancreatic cancer",14,2
2,2010,"Pancreatic cancer",15,2
44,2010,"Pancreatic cancer",16,2
32,2010,"Pancreatic cancer",17,2
22,2010,"Pancreatic cancer",18,2
9,2011,"Pancreatic cancer",1,1
4,2011,"Pancreatic cancer",4,1
2,2011,"Pancreatic cancer",5,1
5,2011,"Pancreatic cancer",6,1
8,2011,"Pancreatic cancer",8,1
3,2011,"Pancreatic cancer",9,1
1,2011,"Pancreatic cancer",10,1
12,2011,"Pancreatic cancer",11,1
30,2011,"Pancreatic cancer",12,1
8,2011,"Pancreatic cancer",13,1
16,2011,"Pancreatic cancer",14,1
21,2011,"Pancreatic cancer",15,1
16,2011,"Pancreatic cancer",16,1
8,2011,"Pancreatic cancer",17,1
25,2011,"Pancreatic cancer",18,1
16,2011,"Pancreatic cancer",3,2
15,2011,"Pancreatic cancer",4,2
7,2011,"Pancreatic cancer",6,2
4,2011,"Pancreatic cancer",9,2
9,2011,"Pancreatic cancer",11,2
27,2011,"Pancreatic cancer",13,2
8,2011,"Pancreatic cancer",14,2
19,2011,"Pancreatic cancer",15,2
40,2011,"Pancreatic cancer",16,2
37,2011,"Pancreatic cancer",17,2
15,2011,"Pancreatic cancer",18,2
6,2012,"Pancreatic cancer",1,1
2,2012,"Pancreatic cancer",4,1
3,2012,"Pancreatic cancer",5,1
17,2012,"Pancreatic cancer",6,1
19,2012,"Pancreatic cancer",9,1
6,2012,"Pancreatic cancer",12,1
11,2012,"Pancreatic cancer",13,1
37,2012,"Pancreatic cancer",14,1
11,2012,"Pancreatic cancer",15,1
18,2012,"Pancreatic cancer",16,1
37,2012,"Pancreatic cancer",17,1
16,2012,"Pancreatic cancer",18,1
7,2012,"Pancreatic cancer",1,2
6,2012,"Pancreatic cancer",2,2
12,2012,"Pancreatic cancer",6,2
17,2012,"Pancreatic cancer",7,2
16,2012,"Pancreatic cancer",9,2
5,2012,"Pancreatic cancer",11,2
26,2012,"Pancreatic cancer",12,2
29,2012,"Pancreatic cancer",14,2
42,2012,"Pancreatic cancer",15,2
12,2012,"Pancreatic cancer",16,2
37,2012,"Pancreatic cancer",17,2
26,2012,"Pancreatic cancer",18,2
5,2013,"Pancreatic cancer",1,1
3,2013,"Pancreatic cancer",2,1
12,2013,"Pancreatic cancer",3,1
17,2013,"Pancreatic cancer",6,1
23,2013,"Pancreatic cancer",9,1
17,2013,"Pancreatic cancer",10,1
4,2013,"Pancreatic cancer",11,1
3,2013,"Pancreatic cancer",13,1
19,2013,"Pancreatic cancer",14,1
53,2013,"Pancreatic cancer",15,1
11,2013,"Pancreatic cancer",16,1
38,2013,"Pancreatic cancer",17,1
38,2013,"Pancreatic cancer",18,1
17,2013,"Pancreatic cancer",2,2
13,2013,"Pancreatic cancer",3,2
11,2013,"Pancreatic cancer",5,2
1,2013,"Pancreatic cancer",6,2
16,2013,"Pancreatic cancer",7,2
18,2013,"Pancreatic cancer",8,2
3,2013,"Pancreatic cancer",9,2
20,2013,"Pancreatic cancer",10,2
12,2013,"Pancreatic cancer",11,2
21,2013,"Pancreatic cancer",12,2
12,2013,"Pancreatic cancer",13,2
16,2013,"Pancreatic cancer",14,2
28,2013,"Pancreatic cancer",15,2
15,2013,"Pancreatic cancer",16,2
4,2013,"Pancreatic cancer",17,2
30,2013,"Pancreatic cancer",18,2
1,2014,"Pancreatic cancer",1,1
7,2014,"Pancreatic cancer",2,1
11,2014,"Pancreatic cancer",3,1
13,2014,"Pancreatic cancer",5,1
4,2014,"Pancreatic cancer",6,1
2,2014,"Pancreatic cancer",7,1
11,2014,"Pancreatic cancer",8,1
7,2014,"Pancreatic cancer",11,1
9,2014,"Pancreatic cancer",12,1
26,2014,"Pancreatic cancer",13,1
45,2014,"Pancreatic cancer",14,1
52,2014,"Pancreatic cancer",15,1
8,2014,"Pancreatic cancer",16,1
8,2014,"Pancreatic cancer",17,1
12,2014,"Pancreatic cancer",18,1
9,2014,"Pancreatic cancer",1,2
13,2014,"Pancreatic cancer",2,2
15,2014,"Pancreatic cancer",3,2
14,2014,"Pancreatic cancer",4,2
8,2014,"Pancreatic cancer",5,2
9,2014,"Pancreatic cancer",6,2
15,2014,"Pancreatic cancer",10,2
13,2014,"Pancreatic cancer",12,2
16,2014,"Pancreatic cancer",13,2
29,2014,"Pancreatic cancer",14,2
36,2014,"Pancreatic cancer",15,2
36,2014,"Pancreatic cancer",16,2
43,2014,"Pancreatic cancer",17,2
29,2014,"Pancreatic cancer",18,2
1,2015,"Pancreatic cancer",1,1
20,2015,"Pancreatic cancer",2,1
16,2015,"Pancreatic cancer",5,1
9,2015,"Pancreatic cancer",7,1
17,2015,"Pancreatic cancer",9,1
9,2015,"Pancreatic cancer",10,1
27,2015,"Pancreatic cancer",11,1
7,2015,"Pancreatic cancer",12,1
34,2015,"Pancreatic cancer",13,1
35,2015,"Pancreatic cancer",14,1
26,2015,"Pancreatic cancer",15,1
17,2015,"Pancreatic cancer",16,1
29,2015,"Pancreatic cancer",17,1
19,2015,"Pancreatic cancer",18,1
17,2015,"Pancreatic cancer",2,2
8,2015,"Pancreatic cancer",4,2
4,2015,"Pancreatic cancer",6,2
21,2015,"Pancreatic cancer",7,2
18,2015,"Pancreatic cancer",8,2
17,2015,"Pancreatic cancer",9,2
32,2015,"Pancreatic cancer",13,2
11,2015,"Pancreatic cancer",14,2
44,2015,"Pancreatic cancer",15,2
34,2015,"Pancreatic cancer",16,2
24,2015,"Pancreatic cancer",17,2
39,2015,"Pancreatic cancer",18,2
1,2016,"Pancreatic cancer",2,1
9,2016,"Pancreatic cancer",3,1
19,2016,"Pancreatic cancer",4,1
7,2016,"Pancreatic cancer",5,1
3,2016,"Pancreatic cancer",6,1
9,2016,"Pancreatic cancer",7,1
3,2016,"Pancreatic cancer",8,1
21,2016,"Pancreatic cancer",9,1
10,2016,"Pancreatic cancer",10,1
24,2016,"Pancreatic cancer",11,1
9,2016,"Pancreatic cancer",12,1
32,2016,"Pancreatic cancer",13,1
16,2016,"Pancreatic cancer",14,1
39,2016,"Pancreatic cancer",15,1
31,2016,"Pancreatic cancer",16,1
9,2016,"Pancreatic cancer",17,1
19,2016,"Pancreatic cancer",18,1
8,2016,"Pancreatic cancer",6,2
1,2016,"Pancreatic cancer",7,2
15,2016,"Pancreatic cancer",11,2
20,2016,"Pancreatic cancer",12,2
6,2016,"Pancreatic cancer",13,2
28,2016,"Pancreatic cancer",14,2
47,2016,"Pancreatic cancer",15,2
20,2016,"Pancreatic cancer",16,2
11,2016,"Pancreatic cancer",17,2
44,2016,"Pancreatic cancer",18,2
19,2017,"Pancreatic cancer",2,1
6,2017,"Pancreatic cancer",3,1
5,2017,"Pancreatic cancer",4,1
11,2017,"Pancreatic cancer",6,1
22,2017,"Pancreatic cancer",10,1
27,2017,"Pancreatic cancer",11,1
30,2017,"Pancreatic cancer",12,1
43,2017,"Pancreatic cancer",13,1
43,2017,"Pancreatic cancer",14,1
55,2017,"Pancreatic cancer",15,1
43,2017,"Pancreatic cancer",16,1
5,2017,"Pancreatic cancer",17,1
11,2017,"Pancreatic cancer",18,1
9,2017,"Pancreatic cancer",2,2
4,2017,"Pancreatic cancer",4,2
17,2017,"Pancreatic cancer",8,2
9,2017,"Pancreatic cancer",10,2
5,2017,"Pancreatic cancer",11,2
23,2017,"Pancreatic cancer",12,2
12,2017,"Pancreatic cancer",13,2
36,2017,"Pancreatic cancer",14,2
18,2017,"Pancreatic cancer",15,2
47,2017,"Pancreatic cancer",16,2
14,2017,"Pancreatic cancer",17,2
34,2017,"Pancreatic cancer",18,2
5,2018,"Pancreatic cancer",4,1
19,2018,"Pancreatic cancer",5,1
7,2018,"Pancreatic cancer",6,1
4,2018,"Pancreatic cancer",8,1
16,2018,"Pancreatic cancer",10,1
2,2018,"Pancreatic cancer",12,1
20,2018,"Pancreatic cancer",13,1
33,2018,"Pancreatic cancer",14,1
47,2018,"Pancreatic cancer",15,1
56,2018,"Pancreatic cancer",16,1
31,2018,"Pancreatic cancer",17,1
30,2018,"Pancreatic cancer",18,1
3,2018,"Pancreatic cancer",9,2
1,2018,"Pancreatic cancer",10,2
8,2018,"Pancreatic cancer",12,2
37,2018,"Pancreatic cancer",13,2
26,2018,"Pancreatic cancer",14,2
36,2018,"Pancreatic cancer",15,2
47,2018,"Pancreatic cancer",16,2
44,2018,"Pancreatic cancer",17,2
42,2018,"Pancreatic cancer",18,2
9,2019,"Pancreatic cancer",1,1
18,2019,"Pancreatic cancer",2,1
14,2019,"Pancreatic cancer",3,1
20,2019,"Pancreatic cancer",5,1
20,2019,"Pancreatic cancer",9,1
12,2019,"Pancreatic cancer",10,1
17,2019,"Pancreatic cancer",11,1
20,2019,"Pancreatic cancer",12,1
37,2019,"Pancreatic cancer",13,1
17,2019,"Pancreatic cancer",14,1
52,2019,"Pancreatic cancer",15,1
51,2019,"Pancreatic cancer",16,1
37,2019,"Pancreatic cancer",17,1
10,2019,"Pancreatic cancer",18,1
11,2019,"Pancreatic cancer",3,2
22,2019,"Pancreatic cancer",6,2
17,2019,"Pancreatic cancer",9,2
19,2019,"Pancreatic cancer",10,2
25,2019,"Pancreatic cancer",11,2
27,2019,"Pancreatic cancer",12,2
10,2019,"Pancreatic cancer",13,2
43,2019,"Pancreatic cancer",14,2
24,2019,"Pancreatic cancer",15,2
32,2019,"Pancreatic cancer",16,2
16,2019,"Pancreatic cancer",17,2
37,2019,"Pancreatic cancer",18,2
18,2020,"Pancreatic cancer",1,1
6,2020,"Pancreatic cancer",3,1
4,2020,"Pancreatic cancer",4,1
18,2020,"Pancreatic cancer",8,1
25,2020,"Pancreatic cancer",9,1
25,2020,"Pancreatic cancer",10,1
35,2020,"Pancreatic cancer",11,1
47,2020,"Pancreatic cancer",12,1
25,2020,"Pancreatic cancer",13,1
41,2020,"Pancreatic cancer",14,1
65,2020,"Pancreatic cancer",15,1
51,2020,"Pancreatic cancer",16,1
33,2020,"Pancreatic cancer",17,1
29,2020,"Pancreatic cancer",18,1
18,2020,"Pancreatic cancer",1,2
19,2020,"Pancreatic cancer",2,2
17,2020,"Pancreatic cancer",6,2
16,2020,"Pancreatic cancer",8,2
20,2020,"Pancreatic cancer",10,2
20,2020,"Pancreatic cancer",12,2
52,2020,"Pancreatic cancer",14,2
37,2020,"Pancreatic cancer",15,2
26,2020,"Pancreatic cancer",16,2
36,2020,"Pancreatic cancer",17,2
53,2020,"Pancreatic cancer",18,2
18,2021,"Pancreatic cancer",1,1
6,2021,"Pancreatic cancer",4,1
5,2021,"Pancreatic cancer",5,1
18,2021,"Pancreatic cancer",7,1
20,2021,"Pancreatic cancer",8,1
1,2021,"Pancreatic cancer",10,1
1,2021,"Pancreatic cancer",11,1
21,2021,"Pancreatic cancer",12,1
18,2021,"Pancreatic cancer",13,1
61,2021,"Pancreatic cancer",14,1
60,2021,"Pancreatic cancer",15,1
52,2021,"Pancreatic cancer",16,1
30,2021,"Pancreatic cancer",17,1
40,2021,"Pancreatic cancer",18,1
4,2021,"Pancreatic cancer",1,2
13,2021,"Pancreatic cancer",4,2
19,2021,"Pancreatic cancer",7,2
17,2021,"Pancreatic cancer",9,2
2,2021,"Pancreatic cancer",11,2
28,2021,"Pancreatic cancer",12,2
43,2021,"Pancreatic cancer",13,2
42,2021,"Pancreatic cancer",14,2
44,2021,"Pancreatic cancer",15,2
46,2021,"Pancreatic cancer",16,2
49,2021,"Pancreatic cancer",17,2
31,2021,"Pancreatic cancer",18,2
16,2022,"Pancreatic cancer",1,1
3,2022,"Pancreatic cancer",2,1
5,2022,"Pancreatic cancer",3,1
12,2022,"Pancreatic cancer",4,1
17,2022,"Pancreatic cancer",9,1
11,2022,"Pancreatic cancer",10,1
18,2022,"Pancreatic cancer",11,1
20,2022,"Pancreatic cancer",12,1
26,2022,"Pancreatic cancer",13,1
41,2022,"Pancreatic cancer",14,1
61,2022,"Pancreatic cancer",15,1
41,2022,"Pancreatic cancer",16,1
35,2022,"Pancreatic cancer",17,1
35,2022,"Pancreatic cancer",18,1
4,2022,"Pancreatic cancer",2,2
12,2022,"Pancreatic cancer",3,2
14,2022,"Pancreatic cancer",8,2
6,2022,"Pancreatic cancer",9,2
14,2022,"Pancreatic cancer",10,2
4,2022,"Pancreatic cancer",11,2
28,2022,"Pancreatic cancer",12,2
5,2022,"Pancreatic cancer",13,2
31,2022,"Pancreatic cancer",14,2
20,2022,"Pancreatic cancer",15,2
59,2022,"Pancreatic cancer",16,2
64,2022,"Pancreatic cancer",17,2
41,2022,"Pancreatic cancer",18,2
15,2023,"Pancreatic cancer",2,1
12,2023,"Pancreatic cancer",3,1
14,2023,"Pancreatic cancer",6,1
18,2023,"Pancreatic cancer",9,1
20,2023,"Pancreatic cancer",10,1
7,2023,"Pancreatic cancer",11,1
41,2023,"Pancreatic cancer",12,1
47,2023,"Pancreatic cancer",13,1
61,2023,"Pancreatic cancer",14,1
66,2023,"Pancreatic cancer",15,1
43,2023,"Pancreatic cancer",16,1
48,2023,"Pancreatic cancer",17,1
36,2023,"Pancreatic cancer",18,1
18,2023,"Pancreatic cancer",1,2
19,2023,"Pancreatic cancer",3,2
21,2023,"Pancreatic cancer",4,2
8,2023,"Pancreatic cancer",6,2
15,2023,"Pancreatic cancer",7,2
21,2023,"Pancreatic cancer",10,2
12,2023,"Pancreatic cancer",12,2
36,2023,"Pancreatic cancer",13,2
37,2023,"Pancreatic cancer",14,2
46,2023,"Pancreatic cancer",15,2
44,2023,"Pancreatic cancer",16,2
41,2023,"Pancreatic cancer",17,2
32,2023,"Pancreatic cancer",18,2
10,2005,"Lung cancer",1,1
16,2005,"Lung cancer",6,1
4,2005,"Lung cancer",7,1
21,2005,"Lung cancer",9,1
7,2005,"Lung cancer",10,1
26,2005,"Lung cancer",11,1
76,2005,"Lung cancer",12,1
121,2005,"Lung cancer",13,1
136,2005,"Lung cancer",14,1
152,2005,"Lung cancer",15,1
129,2005,"Lung cancer",16,1
98,2005,"Lung cancer",17,1
31,2005,"Lung cancer",18,1
19,2005,"Lung cancer",2,2
11,2005,"Lung cancer",3,2
1,2005,"Lung cancer",7,2
18,2005,"Lung cancer",9,2
34,2005,"Lung cancer",10,2
19,2005,"Lung cancer",11,2
59,2005,"Lung cancer",12,2
72,2005,"Lung cancer",13,2
90,2005,"Lung cancer",14,2
68,2005,"Lung cancer",15,2
50,2005,"Lung cancer",16,2
36,2005,"Lung cancer",17,2
36,2005,"Lung cancer",18,2
14,2006,"Lung cancer",3,1
17,2006,"Lung cancer",7,1
15,2006,"Lung cancer",9,1
1,2006,"Lung cancer",10,1
45,2006,"Lung cancer",11,1
77,2006,"Lung cancer",12,1
133,2006,"Lung cancer",13,1
106,2006,"Lung cancer",14,1
135,2006,"Lung cancer",15,1
141,2006,"Lung cancer",16,1
135,2006,"Lung cancer",17,1
74,2006,"Lung cancer",18,1
15,2006,"Lung cancer",1,2
14,2006,"Lung cancer",2,2
16,2006,"Lung cancer",3,2
12,2006,"Lung cancer",6,2
11,2006,"Lung cancer",8,2
5,2006,"Lung cancer",9,2
28,2006,"Lung cancer",10,2
39,2006,"Lung cancer",11,2
38,2006,"Lung cancer",12,2
66,2006,"Lung cancer",13,2
55,2006,"Lung cancer",14,2
55,2006,"Lung cancer",15,2
63,2006,"Lung cancer",16,2
62,2006,"Lung cancer",17,2
55,2006,"Lung cancer",18,2
13,2007,"Lung cancer",5,1
11,2007,"Lung cancer",6,1
3,2007,"Lung cancer",7,1
4,2007,"Lung cancer",8,1
29,2007,"Lung cancer",9,1
32,2007,"Lung cancer",10,1
25,2007,"Lung cancer",11,1
44,2007,"Lung cancer",12,1
117,2007,"Lung cancer",13,1
148,2007,"Lung cancer",14,1
166,2007,"Lung cancer",15,1
107,2007,"Lung cancer",16,1
111,2007,"Lung cancer",17,1
65,2007,"Lung cancer",18,1
12,2007,"Lung cancer",3,2
15,2007,"Lung cancer",4,2
11,2007,"Lung cancer",5,2
10,2007,"Lung cancer",7,2
4,2007,"Lung cancer",8,2
3,2007,"Lung cancer",10,2
47,2007,"Lung cancer",11,2
41,2007,"Lung cancer",12,2
70,2007,"Lung cancer",13,2
61,2007,"Lung cancer",14,2
71,2007,"Lung cancer",15,2
44,2007,"Lung cancer",16,2
51,2007,"Lung cancer",17,2
17,2007,"Lung cancer",18,2
7,2008,"Lung cancer",1,1
8,2008,"Lung cancer",2,1
14,2008,"Lung cancer",3,1
6,2008,"Lung cancer",6,1
8,2008,"Lung cancer",9,1
37,2008,"Lung cancer",10,1
38,2008,"Lung cancer",11,1
73,2008,"Lung cancer",12,1
125,2008,"Lung cancer",13,1
139,2008,"Lung cancer",14,1
165,2008,"Lung cancer",15,1
152,2008,"Lung cancer",16,1
119,2008,"Lung cancer",17,1
57,2008,"Lung cancer",18,1
17,2008,"Lung cancer",3,2
10,2008,"Lung cancer",5,2
11,2008,"Lung cancer",6,2
14,2008,"Lung cancer",7,2
18,2008,"Lung cancer",8,2
18,2008,"Lung cancer",9,2
16,2008,"Lung cancer",10,2
29,2008,"Lung cancer",11,2
70,2008,"Lung cancer",12,2
79,2008,"Lung cancer",13,2
73,2008,"Lung cancer",14,2
48,2008,"Lung cancer",15,2
71,2008,"Lung cancer",16,2
72,2008,"Lung cancer",17,2
61,2008,"Lung cancer",18,2
5,2009,"Lung cancer",1,1
2,2009,"Lung cancer",7,1
23,2009,"Lung cancer",9,1
16,2009,"Lung cancer",10,1
26,2009,"Lung cancer",11,1
55,2009,"Lung cancer",12,1
122,2009,"Lung cancer",13,1
155,2009,"Lung cancer",14,1
121,2009,"Lung cancer",15,1
132,2009,"Lung cancer",16,1
97,2009,"Lung cancer",17,1
85,2009,"Lung cancer",18,1
16,2009,"Lung cancer",2,2
5,2009,"Lung cancer",7,2
12,2009,"Lung cancer",9,2
35,2009,"Lung cancer",10,2
47,2009,"Lung cancer",11,2
78,2009,"Lung cancer",12,2
94,2009,"Lung cancer",13,2
92,2009,"Lung cancer",14,2
82,2009,"Lung cancer",15,2
61,2009,"Lung cancer",16,2
72,2009,"Lung cancer",17,2
43,2009,"Lung cancer",18,2
4,2010,"Lung cancer",5,1
23,2010,"Lung cancer",9,1
29,2010,"Lung cancer",10,1
44,2010,"Lung cancer",11,1
66,2010,"Lung cancer",12,1
134,2010,"Lung cancer",13,1
130,2010,"Lung cancer",14,1
181,2010,"Lung cancer",15,1
152,2010,"Lung cancer",16,1
119,2010,"Lung cancer",17,1
91,2010,"Lung cancer",18,1
1,2010,"Lung cancer",4,2
14,2010,"Lung cancer",5,2
10,2010,"Lung cancer",6,2
13,2010,"Lung cancer",8,2
19,2010,"Lung cancer",11,2
32,2010,"Lung cancer",12,2
82,2010,"Lung cancer",13,2
77,2010,"Lung cancer",14,2
76,2010,"Lung cancer",15,2
91,2010,"Lung cancer",16,2
89,2010,"Lung cancer",17,2
58,2010,"Lung cancer",18,2
19,2011,"Lung cancer",3,1
16,2011,"Lung cancer",4,1
10,2011,"Lung cancer",5,1
10,2011,"Lung cancer",6,1
6,2011,"Lung cancer",8,1
8,2011,"Lung cancer",10,1
58,2011,"Lung cancer",11,1
82,2011,"Lung cancer",12,1
134,2011,"Lung cancer",13,1
135,2011,"Lung cancer",14,1
117,2011,"Lung cancer",15,1
138,2011,"Lung cancer",16,1
118,2011,"Lung cancer",17,1
76,2011,"Lung cancer",18,1
2,2011,"Lung cancer",1,2
13,2011,"Lung cancer",5,2
17,2011,"Lung cancer",7,2
13,2011,"Lung cancer",9,2
34,2011,"Lung cancer",10,2
35,2011,"Lung cancer",11,2
38,2011,"Lung cancer",12,2
66,2011,"Lung cancer",13,2
105,2011,"Lung cancer",14,2
73,2011,"Lung cancer",15,2
72,2011,"Lung cancer",16,2
61,2011,"Lung cancer",17,2
70,2011,"Lung cancer",18,2
2,2012,"Lung cancer",3,1
7,2012,"Lung cancer",6,1
14,2012,"Lung cancer",7,1
11,2012,"Lung cancer",8,1
2,2012,"Lung cancer",9,1
2,2012,"Lung cancer",10,1
35,2012,"Lung cancer",11,1
78,2012,"Lung cancer",12,1
114,2012,"Lung cancer",13,1
176,2012,"Lung cancer",14,1
155,2012,"Lung cancer",15,1
183,2012,"Lung cancer",16,1
123,2012,"Lung cancer",17,1
87,2012,"Lung cancer",18,1
8,2012,"Lung cancer",4,2
12,2012,"Lung cancer",6,2
10,2012,"Lung cancer",7,2
5,2012,"Lung cancer",9,2
5,2012,"Lung cancer",10,2
27,2012,"Lung cancer",11,2
50,2012,"Lung cancer",12,2
93,2012,"Lung cancer",13,2
97,2012,"Lung cancer",14,2
78,2012,"Lung cancer",15,2
72,2012,"Lung cancer",16,2
56,2012,"Lung cancer",17,2
68,2012,"Lung cancer",18,2
6,2013,"Lung cancer",1,1
13,2013,"Lung cancer",3,1
2,2013,"Lung cancer",4,1
15,2013,"Lung cancer",6,1
22,2013,"Lung cancer",8,1
33,2013,"Lung cancer",10,1
38,2013,"Lung cancer",11,1
64,2013,"Lung cancer",12,1
129,2013,"Lung cancer",13,1
153,2013,"Lung cancer",14,1
183,2013,"Lung cancer",15,1
123,2013,"Lung cancer",16,1
117,2013,"Lung cancer",17,1
113,2013,"Lung cancer",18,1
15,2013,"Lung cancer",3,2
1,2013,"Lung cancer",5,2
2,2013,"Lung cancer",6,2
10,2013,"Lung cancer",7,2
11,2013,"Lung cancer",10,2
38,2013,"Lung cancer",11,2
37,2013,"Lung cancer",12,2
88,2013,"Lung cancer",13,2
130,2013,"Lung cancer",14,2
78,2013,"Lung cancer",15,2
83,2013,"Lung cancer",16,2
79,2013,"Lung cancer",17,2
68,2013,"Lung cancer",18,2
5,2014,"Lung cancer",2,1
3,2014,"Lung cancer",4,1
1,2014,"Lung cancer",5,1
16,2014,"Lung cancer",6,1
3,2014,"Lung cancer",8,1
12,2014,"Lung cancer",10,1
44,2014,"Lung cancer",11,1
73,2014,"Lung cancer",12,1
121,2014,"Lung cancer",13,1
174,2014,"Lung cancer",14,1
184,2014,"Lung cancer",15,1
126,2014,"Lung cancer",16,1
90,2014,"Lung cancer",17,1
98,2014,"Lung cancer",18,1
16,2014,"Lung cancer",2,2
16,2014,"Lung cancer",5,2
19,2014,"Lung cancer",6,2
19,2014,"Lung cancer",8,2
24,2014,"Lung cancer",9,2
5,2014,"Lung cancer",10,2
55,2014,"Lung cancer",11,2
69,2014,"Lung cancer",12,2
64,2014,"Lung cancer",13,2
110,2014,"Lung cancer",14,2
118,2014,"Lung cancer",15,2
97,2014,"Lung cancer",16,2
95,2014,"Lung cancer",17,2
44,2014,"Lung cancer",18,2
19,2015,"Lung cancer",1,1
1,2015,"Lung cancer",2,1
19,2015,"Lung cancer",3,1
19,2015,"Lung cancer",6,1
14,2015,"Lung cancer",8,1
2,2015,"Lung cancer",9,1
8,2015,"Lung cancer",10,1
44,2015,"Lung cancer",11,1
84,2015,"Lung cancer",12,1
105,2015,"Lung cancer",13,1
163,2015,"Lung cancer",14,1
171,2015,"Lung cancer",15,1
150,2015,"Lung cancer",16,1
128,2015,"Lung cancer",17,1
69,2015,"Lung cancer",18,1
18,2015,"Lung cancer",1,2
10,2015,"Lung cancer",2,2
17,2015,"Lung cancer",3,2
21,2015,"Lung cancer",7,2
1,2015,"Lung cancer",8,2
21,2015,"Lung cancer",9,2
9,2015,"Lung cancer",10,2
28,2015,"Lung cancer",11,2
67,2015,"Lung cancer",12,2
71,2015,"Lung cancer",13,2
100,2015,"Lung cancer",14,2
97,2015,"Lung cancer",15,2
103,2015,"Lung cancer",16,2
69,2015,"Lung cancer",17,2
65,2015,"Lung cancer",18,2
15,2016,"Lung cancer",1,1
8,2016,"Lung cancer",3,1
19,2016,"Lung cancer",4,1
15,2016,"Lung cancer",7,1
23,2016,"Lung cancer",9,1
19,2016,"Lung cancer",10,1
25,2016,"Lung cancer",11,1
90,2016,"Lung cancer",12,1
131,2016,"Lung cancer",13,1
143,2016,"Lung cancer",14,1
175,2016,"Lung cancer",15,1
170,2016,"Lung cancer",16,1
128,2016,"Lung cancer",17,1
127,2016,"Lung cancer",18,1
18,2016,"Lung cancer",5,2
12,2016,"Lung cancer",6,2
1,2016,"Lung cancer",7,2
8,2016,"Lung cancer",9,2
36,2016,"Lung cancer",10,2
28,2016,"Lung cancer",11,2
38,2016,"Lung cancer",12,2
74,2016,"Lung cancer",13,2
117,2016,"Lung cancer",14,2
138,2016,"Lung cancer",15,2
111,2016,"Lung cancer",16,2
65,2016,"Lung cancer",17,2
60,2016,"Lung cancer",18,2
9,2017,"Lung cancer",1,1
14,2017,"Lung cancer",2,1
15,2017,"Lung cancer",3,1
18,2017,"Lung cancer",5,1
5,2017,"Lung cancer",7,1
10,2017,"Lung cancer",8,1
13,2017,"Lung cancer",9,1
51,2017,"Lung cancer",11,1
98,2017,"Lung cancer",12,1
106,2017,"Lung cancer",13,1
180,2017,"Lung cancer",14,1
228,2017,"Lung cancer",15,1
187,2017,"Lung cancer",16,1
137,2017,"Lung cancer",17,1
100,2017,"Lung cancer",18,1
8,2017,"Lung cancer",2,2
12,2017,"Lung cancer",4,2
3,2017,"Lung cancer",5,2
10,2017,"Lung cancer",6,2
17,2017,"Lung cancer",8,2
15,2017,"Lung cancer",9,2
39,2017,"Lung cancer",10,2
30,2017,"Lung cancer",11,2
71,2017,"Lung cancer",12,2
83,2017,"Lung cancer",13,2
153,2017,"Lung cancer",14,2
170,2017,"Lung cancer",15,2
94,2017,"Lung cancer",16,2
60,2017,"Lung cancer",17,2
94,2017,"Lung cancer",18,2
12,2018,"Lung cancer",7,1
18,2018,"Lung cancer",8,1
19,2018,"Lung cancer",9,1
1,2018,"Lung cancer",10,1
19,2018,"Lung cancer",11,1
93,2018,"Lung cancer",12,1
112,2018,"Lung cancer",13,1
186,2018,"Lung cancer",14,1
196,2018,"Lung cancer",15,1
182,2018,"Lung cancer",16,1
118,2018,"Lung cancer",17,1
94,2018,"Lung cancer",18,1
6,2018,"Lung cancer",3,2
16,2018,"Lung cancer",5,2
12,2018,"Lung cancer",7,2
23,2018,"Lung cancer",9,2
25,2018,"Lung cancer",10,2
56,2018,"Lung cancer",11,2
82,2018,"Lung cancer",12,2
98,2018,"Lung cancer",13,2
138,2018,"Lung cancer",14,2
176,2018,"Lung cancer",15,2
144,2018,"Lung cancer",16,2
103,2018,"Lung cancer",17,2
67,2018,"Lung cancer",18,2
15,2019,"Lung cancer",1,1
11,2019,"Lung cancer",3,1
12,2019,"Lung cancer",4,1
21,2019,"Lung cancer",6,1
6,2019,"Lung cancer",7,1
4,2019,"Lung cancer",9,1
31,2019,"Lung cancer",10,1
30,2019,"Lung cancer",11,1
75,2019,"Lung cancer",12,1
143,2019,"Lung cancer",13,1
184,2019,"Lung cancer",14,1
206,2019,"Lung cancer",15,1
202,2019,"Lung cancer",16,1
128,2019,"Lung cancer",17,1
121,2019,"Lung cancer",18,1
18,2019,"Lung cancer",4,2
1,2019,"Lung cancer",5,2
13,2019,"Lung cancer",6,2
2,2019,"Lung cancer",8,2
5,2019,"Lung cancer",9,2
17,2019,"Lung cancer",10,2
43,2019,"Lung cancer",11,2
104,2019,"Lung cancer",12,2
103,2019,"Lung cancer",13,2
130,2019,"Lung cancer",14,2
142,2019,"Lung cancer",15,2
147,2019,"Lung cancer",16,2
72,2019,"Lung cancer",17,2
76,2019,"Lung cancer",18,2
8,2020,"Lung cancer",1,1
11,2020,"Lung cancer",2,1
1,2020,"Lung cancer",4,1
18,2020,"Lung cancer",5,1
32,2020,"Lung cancer",10,1
50,2020,"Lung cancer",11,1
69,2020,"Lung cancer",12,1
133,2020,"Lung cancer",13,1
162,2020,"Lung cancer",14,1
202,2020,"Lung cancer",15,1
200,2020,"Lung cancer",16,1
140,2020,"Lung cancer",17,1
131,2020,"Lung cancer",18,1
5,2020,"Lung cancer",1,2
20,2020,"Lung cancer",2,2
13,2020,"Lung cancer",3,2
9,2020,"Lung cancer",5,2
17,2020,"Lung cancer",7,2
2,2020,"Lung cancer",9,2
28,2020,"Lung cancer",10,2
24,2020,"Lung cancer",11,2
96,2020,"Lung cancer",12,2
118,2020,"Lung cancer",13,2
164,2020,"Lung cancer",14,2
172,2020,"Lung cancer",15,2
136,2020,"Lung cancer",16,2
78,2020,"Lung cancer",17,2
116,2020,"Lung cancer",18,2
12,2021,"Lung cancer",1,1
6,2021,"Lung cancer",5,1
2,2021,"Lung cancer",8,1
10,2021,"Lung cancer",9,1
30,2021,"Lung cancer",10,1
20,2021,"Lung cancer",11,1
58,2021,"Lung cancer",12,1
124,2021,"Lung cancer",13,1
131,2021,"Lung cancer",14,1
225,2021,"Lung cancer",15,1
218,2021,"Lung cancer",16,1
178,2021,"Lung cancer",17,1
110,2021,"Lung cancer",18,1
13,2021,"Lung cancer",3,2
2,2021,"Lung cancer",4,2
6,2021,"Lung cancer",5,2
11,2021,"Lung cancer",8,2
4,2021,"Lung cancer",9,2
15,2021,"Lung cancer",10,2
51,2021,"Lung cancer",11,2
87,2021,"Lung cancer",12,2
125,2021,"Lung cancer",13,2
108,2021,"Lung cancer",14,2
204,2021,"Lung cancer",15,2
142,2021,"Lung cancer",16,2
117,2021,"Lung cancer",17,2
110,2021,"Lung cancer",18,2
11,2022,"Lung cancer",1,1
6,2022,"Lung cancer",7,1
21,2022,"Lung cancer",9,1
26,2022,"Lung cancer",10,1
26,2022,"Lung cancer",11,1
73,2022,"Lung cancer",12,1
145,2022,"Lung cancer",13,1
145,2022,"Lung cancer",14,1
206,2022,"Lung cancer",15,1
224,2022,"Lung cancer",16,1
177,2022,"Lung cancer",17,1
98,2022,"Lung cancer",18,1
18,2022,"Lung cancer",1,2
15,2022,"Lung cancer",2,2
11,2022,"Lung cancer",3,2
19,2022,"Lung cancer",6,2
4,2022,"Lung cancer",8,2
4,2022,"Lung cancer",9,2
12,2022,"Lung cancer",10,2
42,2022,"Lung cancer",11,2
80,2022,"Lung cancer",12,2
121,2022,"Lung cancer",13,2
156,2022,"Lung cancer",14,2
195,2022,"Lung cancer",15,2
189,2022,"Lung cancer",16,2
127,2022,"Lung cancer",17,2
85,2022,"Lung cancer",18,2
17,2023,"Lung cancer",1,1
3,2023,"Lung cancer",4,1
20,2023,"Lung cancer",5,1
14,2023,"Lung cancer",6,1
14,2023,"Lung cancer",7,1
4,2023,"Lung cancer",8,1
21,2023,"Lung cancer",9,1
12,2023,"Lung cancer",10,1
27,2023,"Lung cancer",11,1
73,2023,"Lung cancer",12,1
128,2023,"Lung cancer",13,1
195,2023,"Lung cancer",14,1
227,2023,"Lung cancer",15,1
203,2023,"Lung cancer",16,1
165,2023,"Lung cancer",17,1
121,2023,"Lung cancer",18,1
3,2023,"Lung cancer",1,2
20,2023,"Lung cancer",2,2
3,2023,"Lung cancer",4,2
15,2023,"Lung cancer",5,2
9,2023,"Lung cancer",7,2
17,2023,"Lung cancer",9,2
4,2023,"Lung cancer",10,2
51,2023,"Lung cancer",11,2
52,2023,"Lung cancer",12,2
125,2023,"Lung cancer",13,2
194,2023,"Lung cancer",14,2
206,2023,"Lung cancer",15,2
186,2023,"Lung cancer",16,2
131,2023,"Lung cancer",17,2
101,2023,"Lung cancer",18,2
3,2005,"Melanoma cancer",1,1
14,2005,"Melanoma cancer",3,1
29,2005,"Melanoma cancer",4,1
6,2005,"Melanoma cancer",5,1
47,2005,"Melanoma cancer",6,1
46,2005,"Melanoma cancer",7,1
59,2005,"Melanoma cancer",8,1
49,2005,"Melanoma cancer",9,1
56,2005,"Melanoma cancer",10,1
80,2005,"Melanoma cancer",11,1
146,2005,"Melanoma cancer",12,1
117,2005,"Melanoma cancer",13,1
107,2005,"Melanoma cancer",14,1
111,2005,"Melanoma cancer",15,1
118,2005,"Melanoma cancer",16,1
68,2005,"Melanoma cancer",17,1
68,2005,"Melanoma cancer",18,1
3,2005,"Melanoma cancer",1,2
9,2005,"Melanoma cancer",4,2
33,2005,"Melanoma cancer",5,2
35,2005,"Melanoma cancer",6,2
32,2005,"Melanoma cancer",7,2
52,2005,"Melanoma cancer",8,2
72,2005,"Melanoma cancer",9,2
66,2005,"Melanoma cancer",10,2
66,2005,"Melanoma cancer",11,2
65,2005,"Melanoma cancer",12,2
86,2005,"Melanoma cancer",13,2
77,2005,"Melanoma cancer",14,2
67,2005,"Melanoma cancer",15,2
68,2005,"Melanoma cancer",16,2
39,2005,"Melanoma cancer",17,2
52,2005,"Melanoma cancer",18,2
1,2006,"Melanoma cancer",2,1
18,2006,"Melanoma cancer",3,1
21,2006,"Melanoma cancer",5,1
27,2006,"Melanoma cancer",6,1
27,2006,"Melanoma cancer",7,1
38,2006,"Melanoma cancer",8,1
45,2006,"Melanoma cancer",9,1
54,2006,"Melanoma cancer",10,1
104,2006,"Melanoma cancer",11,1
106,2006,"Melanoma cancer",12,1
112,2006,"Melanoma cancer",13,1
94,2006,"Melanoma cancer",14,1
104,2006,"Melanoma cancer",15,1
99,2006,"Melanoma cancer",16,1
59,2006,"Melanoma cancer",17,1
40,2006,"Melanoma cancer",18,1
19,2006,"Melanoma cancer",1,2
20,2006,"Melanoma cancer",2,2
22,2006,"Melanoma cancer",4,2
3,2006,"Melanoma cancer",5,2
16,2006,"Melanoma cancer",6,2
26,2006,"Melanoma cancer",7,2
41,2006,"Melanoma cancer",8,2
59,2006,"Melanoma cancer",9,2
74,2006,"Melanoma cancer",10,2
57,2006,"Melanoma cancer",11,2
79,2006,"Melanoma cancer",12,2
37,2006,"Melanoma cancer",13,2
45,2006,"Melanoma cancer",14,2
63,2006,"Melanoma cancer",15,2
74,2006,"Melanoma cancer",16,2
36,2006,"Melanoma cancer",17,2
45,2006,"Melanoma cancer",18,2
11,2007,"Melanoma cancer",5,1
6,2007,"Melanoma cancer",6,1
26,2007,"Melanoma cancer",7,1
15,2007,"Melanoma cancer",8,1
49,2007,"Melanoma cancer",9,1
67,2007,"Melanoma cancer",10,1
99,2007,"Melanoma cancer",11,1
111,2007,"Melanoma cancer",12,1
157,2007,"Melanoma cancer",13,1
130,2007,"Melanoma cancer",14,1
114,2007,"Melanoma cancer",15,1
110,2007,"Melanoma cancer",16,1
100,2007,"Melanoma cancer",17,1
55,2007,"Melanoma cancer",18,1
18,2007,"Melanoma cancer",1,2
8,2007,"Melanoma cancer",4,2
33,2007,"Melanoma cancer",5,2
42,2007,"Melanoma cancer",6,2
27,2007,"Melanoma cancer",7,2
63,2007,"Melanoma cancer",8,2
70,2007,"Melanoma cancer",9,2
81,2007,"Melanoma cancer",10,2
76,2007,"Melanoma cancer",11,2
62,2007,"Melanoma cancer",12,2
84,2007,"Melanoma cancer",13,2
70,2007,"Melanoma cancer",14,2
48,2007,"Melanoma cancer",15,2
61,2007,"Melanoma cancer",16,2
43,2007,"Melanoma cancer",17,2
47,2007,"Melanoma cancer",18,2
13,2008,"Melanoma cancer",3,1
17,2008,"Melanoma cancer",4,1
10,2008,"Melanoma cancer",5,1
41,2008,"Melanoma cancer",6,1
29,2008,"Melanoma cancer",7,1
41,2008,"Melanoma cancer",8,1
83,2008,"Melanoma cancer",9,1
94,2008,"Melanoma cancer",10,1
88,2008,"Melanoma cancer",11,1
144,2008,"Melanoma cancer",12,1
144,2008,"Melanoma cancer",13,1
149,2008,"Melanoma cancer",14,1
129,2008,"Melanoma cancer",15,1
109,2008,"Melanoma cancer",16,1
119,2008,"Melanoma cancer",17,1
49,2008,"Melanoma cancer",18,1
22,2008,"Melanoma cancer",5,2
28,2008,"Melanoma cancer",6,2
59,2008,"Melanoma cancer",7,2
42,2008,"Melanoma cancer",8,2
57,2008,"Melanoma cancer",9,2
82,2008,"Melanoma cancer",10,2
93,2008,"Melanoma cancer",11,2
84,2008,"Melanoma cancer",12,2
62,2008,"Melanoma cancer",13,2
64,2008,"Melanoma cancer",14,2
63,2008,"Melanoma cancer",15,2
50,2008,"Melanoma cancer",16,2
49,2008,"Melanoma cancer",17,2
41,2008,"Melanoma cancer",18,2
15,2009,"Melanoma cancer",2,1
14,2009,"Melanoma cancer",4,1
13,2009,"Melanoma cancer",5,1
26,2009,"Melanoma cancer",6,1
38,2009,"Melanoma cancer",7,1
42,2009,"Melanoma cancer",8,1
65,2009,"Melanoma cancer",9,1
65,2009,"Melanoma cancer",10,1
86,2009,"Melanoma cancer",11,1
118,2009,"Melanoma cancer",12,1
147,2009,"Melanoma cancer",13,1
148,2009,"Melanoma cancer",14,1
152,2009,"Melanoma cancer",15,1
98,2009,"Melanoma cancer",16,1
73,2009,"Melanoma cancer",17,1
61,2009,"Melanoma cancer",18,1
12,2009,"Melanoma cancer",2,2
22,2009,"Melanoma cancer",4,2
29,2009,"Melanoma cancer",5,2
23,2009,"Melanoma cancer",6,2
43,2009,"Melanoma cancer",7,2
48,2009,"Melanoma cancer",8,2
47,2009,"Melanoma cancer",9,2
98,2009,"Melanoma cancer",10,2
96,2009,"Melanoma cancer",11,2
95,2009,"Melanoma cancer",12,2
69,2009,"Melanoma cancer",13,2
86,2009,"Melanoma cancer",14,2
87,2009,"Melanoma cancer",15,2
67,2009,"Melanoma cancer",16,2
46,2009,"Melanoma cancer",17,2
53,2009,"Melanoma cancer",18,2
14,2010,"Melanoma cancer",1,1
11,2010,"Melanoma cancer",3,1
22,2010,"Melanoma cancer",5,1
23,2010,"Melanoma cancer",6,1
46,2010,"Melanoma cancer",7,1
63,2010,"Melanoma cancer",8,1
59,2010,"Melanoma cancer",9,1
76,2010,"Melanoma cancer",10,1
119,2010,"Melanoma cancer",11,1
145,2010,"Melanoma cancer",12,1
154,2010,"Melanoma cancer",13,1
138,2010,"Melanoma cancer",14,1
133,2010,"Melanoma cancer",15,1
130,2010,"Melanoma cancer",16,1
79,2010,"Melanoma cancer",17,1
80,2010,"Melanoma cancer",18,1
18,2010,"Melanoma cancer",1,2
8,2010,"Melanoma cancer",2,2
7,2010,"Melanoma cancer",3,2
22,2010,"Melanoma cancer",5,2
32,2010,"Melanoma cancer",6,2
24,2010,"Melanoma cancer",7,2
54,2010,"Melanoma cancer",8,2
80,2010,"Melanoma cancer",9,2
69,2010,"Melanoma cancer",10,2
67,2010,"Melanoma cancer",11,2
65,2010,"Melanoma cancer",12,2
104,2010,"Melanoma cancer",13,2
87,2010,"Melanoma cancer",14,2
63,2010,"Melanoma cancer",15,2
68,2010,"Melanoma cancer",16,2
52,2010,"Melanoma cancer",17,2
53,2010,"Melanoma cancer",18,2
5,2011,"Melanoma cancer",2,1
18,2011,"Melanoma cancer",3,1
17,2011,"Melanoma cancer",4,1
15,2011,"Melanoma cancer",5,1
36,2011,"Melanoma cancer",6,1
54,2011,"Melanoma cancer",7,1
56,2011,"Melanoma cancer",8,1
74,2011,"Melanoma cancer",9,1
79,2011,"Melanoma cancer",10,1
105,2011,"Melanoma cancer",11,1
141,2011,"Melanoma cancer",12,1
206,2011,"Melanoma cancer",13,1
172,2011,"Melanoma cancer",14,1
142,2011,"Melanoma cancer",15,1
131,2011,"Melanoma cancer",16,1
88,2011,"Melanoma cancer",17,1
84,2011,"Melanoma cancer",18,1
12,2011,"Melanoma cancer",1,2
9,2011,"Melanoma cancer",3,2
8,2011,"Melanoma cancer",5,2
24,2011,"Melanoma cancer",6,2
34,2011,"Melanoma cancer",7,2
77,2011,"Melanoma cancer",8,2
86,2011,"Melanoma cancer",9,2
91,2011,"Melanoma cancer",10,2
59,2011,"Melanoma cancer",11,2
103,2011,"Melanoma cancer",12,2
79,2011,"Melanoma cancer",13,2
103,2011,"Melanoma cancer",14,2
74,2011,"Melanoma cancer",15,2
33,2011,"Melanoma cancer",16,2
49,2011,"Melanoma cancer",17,2
66,2011,"Melanoma cancer",18,2
4,2012,"Melanoma cancer",3,1
11,2012,"Melanoma cancer",4,1
26,2012,"Melanoma cancer",5,1
21,2012,"Melanoma cancer",6,1
13,2012,"Melanoma cancer",7,1
58,2012,"Melanoma cancer",8,1
67,2012,"Melanoma cancer",9,1
72,2012,"Melanoma cancer",10,1
132,2012,"Melanoma cancer",11,1
141,2012,"Melanoma cancer",12,1
156,2012,"Melanoma cancer",13,1
184,2012,"Melanoma cancer",14,1
162,2012,"Melanoma cancer",15,1
140,2012,"Melanoma cancer",16,1
100,2012,"Melanoma cancer",17,1
93,2012,"Melanoma cancer",18,1
4,2012,"Melanoma cancer",1,2
21,2012,"Melanoma cancer",4,2
34,2012,"Melanoma cancer",5,2
28,2012,"Melanoma cancer",6,2
63,2012,"Melanoma cancer",7,2
49,2012,"Melanoma cancer",8,2
53,2012,"Melanoma cancer",9,2
81,2012,"Melanoma cancer",10,2
93,2012,"Melanoma cancer",11,2
79,2012,"Melanoma cancer",12,2
85,2012,"Melanoma cancer",13,2
119,2012,"Melanoma cancer",14,2
74,2012,"Melanoma cancer",15,2
69,2012,"Melanoma cancer",16,2
56,2012,"Melanoma cancer",17,2
56,2012,"Melanoma cancer",18,2
15,2013,"Melanoma cancer",1,1
41,2013,"Melanoma cancer",6,1
19,2013,"Melanoma cancer",7,1
57,2013,"Melanoma cancer",8,1
60,2013,"Melanoma cancer",9,1
71,2013,"Melanoma cancer",10,1
132,2013,"Melanoma cancer",11,1
142,2013,"Melanoma cancer",12,1
182,2013,"Melanoma cancer",13,1
222,2013,"Melanoma cancer",14,1
185,2013,"Melanoma cancer",15,1
168,2013,"Melanoma cancer",16,1
110,2013,"Melanoma cancer",17,1
99,2013,"Melanoma cancer",18,1
8,2013,"Melanoma cancer",1,2
22,2013,"Melanoma cancer",4,2
34,2013,"Melanoma cancer",5,2
22,2013,"Melanoma cancer",6,2
37,2013,"Melanoma cancer",7,2
52,2013,"Melanoma cancer",8,2
89,2013,"Melanoma cancer",9,2
102,2013,"Melanoma cancer",10,2
93,2013,"Melanoma cancer",11,2
88,2013,"Melanoma cancer",12,2
80,2013,"Melanoma cancer",13,2
99,2013,"Melanoma cancer",14,2
64,2013,"Melanoma cancer",15,2
58,2013,"Melanoma cancer",16,2
59,2013,"Melanoma cancer",17,2
70,2013,"Melanoma cancer",18,2
17,2014,"Melanoma cancer",2,1
8,2014,"Melanoma cancer",3,1
24,2014,"Melanoma cancer",4,1
4,2014,"Melanoma cancer",5,1
27,2014,"Melanoma cancer",6,1
33,2014,"Melanoma cancer",7,1
33,2014,"Melanoma cancer",8,1
60,2014,"Melanoma cancer",9,1
71,2014,"Melanoma cancer",10,1
105,2014,"Melanoma cancer",11,1
120,2014,"Melanoma cancer",12,1
219,2014,"Melanoma cancer",13,1
222,2014,"Melanoma cancer",14,1
191,2014,"Melanoma cancer",15,1
151,2014,"Melanoma cancer",16,1
120,2014,"Melanoma cancer",17,1
104,2014,"Melanoma cancer",18,1
15,2014,"Melanoma cancer",2,2
2,2014,"Melanoma cancer",5,2
29,2014,"Melanoma cancer",6,2
59,2014,"Melanoma cancer",7,2
62,2014,"Melanoma cancer",8,2
62,2014,"Melanoma cancer",9,2
85,2014,"Melanoma cancer",10,2
85,2014,"Melanoma cancer",11,2
78,2014,"Melanoma cancer",12,2
109,2014,"Melanoma cancer",13,2
118,2014,"Melanoma cancer",14,2
93,2014,"Melanoma cancer",15,2
76,2014,"Melanoma cancer",16,2
64,2014,"Melanoma cancer",17,2
47,2014,"Melanoma cancer",18,2
21,2015,"Melanoma cancer",4,1
4,2015,"Melanoma cancer",5,1
14,2015,"Melanoma cancer",6,1
36,2015,"Melanoma cancer",7,1
54,2015,"Melanoma cancer",8,1
68,2015,"Melanoma cancer",9,1
86,2015,"Melanoma cancer",10,1
111,2015,"Melanoma cancer",11,1
144,2015,"Melanoma cancer",12,1
210,2015,"Melanoma cancer",13,1
204,2015,"Melanoma cancer",14,1
182,2015,"Melanoma cancer",15,1
152,2015,"Melanoma cancer",16,1
81,2015,"Melanoma cancer",17,1
97,2015,"Melanoma cancer",18,1
12,2015,"Melanoma cancer",2,2
13,2015,"Melanoma cancer",5,2
13,2015,"Melanoma cancer",6,2
39,2015,"Melanoma cancer",7,2
56,2015,"Melanoma cancer",8,2
75,2015,"Melanoma cancer",9,2
82,2015,"Melanoma cancer",10,2
103,2015,"Melanoma cancer",11,2
87,2015,"Melanoma cancer",12,2
106,2015,"Melanoma cancer",13,2
148,2015,"Melanoma cancer",14,2
89,2015,"Melanoma cancer",15,2
60,2015,"Melanoma cancer",16,2
44,2015,"Melanoma cancer",17,2
74,2015,"Melanoma cancer",18,2
4,2016,"Melanoma cancer",2,1
23,2016,"Melanoma cancer",4,1
19,2016,"Melanoma cancer",6,1
52,2016,"Melanoma cancer",7,1
59,2016,"Melanoma cancer",8,1
83,2016,"Melanoma cancer",9,1
90,2016,"Melanoma cancer",10,1
95,2016,"Melanoma cancer",11,1
172,2016,"Melanoma cancer",12,1
196,2016,"Melanoma cancer",13,1
220,2016,"Melanoma cancer",14,1
207,2016,"Melanoma cancer",15,1
162,2016,"Melanoma cancer",16,1
114,2016,"Melanoma cancer",17,1
91,2016,"Melanoma cancer",18,1
19,2016,"Melanoma cancer",2,2
19,2016,"Melanoma cancer",6,2
38,2016,"Melanoma cancer",7,2
45,2016,"Melanoma cancer",8,2
50,2016,"Melanoma cancer",9,2
84,2016,"Melanoma cancer",10,2
94,2016,"Melanoma cancer",11,2
121,2016,"Melanoma cancer",12,2
132,2016,"Melanoma cancer",13,2
120,2016,"Melanoma cancer",14,2
112,2016,"Melanoma cancer",15,2
74,2016,"Melanoma cancer",16,2
42,2016,"Melanoma cancer",17,2
99,2016,"Melanoma cancer",18,2
17,2017,"Melanoma cancer",2,1
4,2017,"Melanoma cancer",4,1
26,2017,"Melanoma cancer",5,1
9,2017,"Melanoma cancer",6,1
20,2017,"Melanoma cancer",7,1
68,2017,"Melanoma cancer",8,1
74,2017,"Melanoma cancer",9,1
103,2017,"Melanoma cancer",10,1
121,2017,"Melanoma cancer",11,1
191,2017,"Melanoma cancer",12,1
179,2017,"Melanoma cancer",13,1
249,2017,"Melanoma cancer",14,1
246,2017,"Melanoma cancer",15,1
160,2017,"Melanoma cancer",16,1
144,2017,"Melanoma cancer",17,1
88,2017,"Melanoma cancer",18,1
19,2017,"Melanoma cancer",2,2
7,2017,"Melanoma cancer",4,2
15,2017,"Melanoma cancer",5,2
41,2017,"Melanoma cancer",6,2
55,2017,"Melanoma cancer",7,2
58,2017,"Melanoma cancer",8,2
84,2017,"Melanoma cancer",9,2
97,2017,"Melanoma cancer",10,2
87,2017,"Melanoma cancer",11,2
124,2017,"Melanoma cancer",12,2
104,2017,"Melanoma cancer",13,2
146,2017,"Melanoma cancer",14,2
119,2017,"Melanoma cancer",15,2
104,2017,"Melanoma cancer",16,2
42,2017,"Melanoma cancer",17,2
80,2017,"Melanoma cancer",18,2
14,2018,"Melanoma cancer",2,1
11,2018,"Melanoma cancer",3,1
35,2018,"Melanoma cancer",5,1
11,2018,"Melanoma cancer",6,1
21,2018,"Melanoma cancer",7,1
26,2018,"Melanoma cancer",8,1
66,2018,"Melanoma cancer",9,1
113,2018,"Melanoma cancer",10,1
125,2018,"Melanoma cancer",11,1
162,2018,"Melanoma cancer",12,1
200,2018,"Melanoma cancer",13,1
214,2018,"Melanoma cancer",14,1
197,2018,"Melanoma cancer",15,1
205,2018,"Melanoma cancer",16,1
134,2018,"Melanoma cancer",17,1
116,2018,"Melanoma cancer",18,1
17,2018,"Melanoma cancer",2,2
12,2018,"Melanoma cancer",3,2
9,2018,"Melanoma cancer",4,2
37,2018,"Melanoma cancer",6,2
44,2018,"Melanoma cancer",7,2
72,2018,"Melanoma cancer",8,2
62,2018,"Melanoma cancer",9,2
84,2018,"Melanoma cancer",10,2
109,2018,"Melanoma cancer",11,2
119,2018,"Melanoma cancer",12,2
116,2018,"Melanoma cancer",13,2
117,2018,"Melanoma cancer",14,2
113,2018,"Melanoma cancer",15,2
107,2018,"Melanoma cancer",16,2
48,2018,"Melanoma cancer",17,2
100,2018,"Melanoma cancer",18,2
14,2019,"Melanoma cancer",1,1
1,2019,"Melanoma cancer",2,1
22,2019,"Melanoma cancer",4,1
3,2019,"Melanoma cancer",6,1
46,2019,"Melanoma cancer",7,1
33,2019,"Melanoma cancer",8,1
53,2019,"Melanoma cancer",9,1
115,2019,"Melanoma cancer",10,1
129,2019,"Melanoma cancer",11,1
154,2019,"Melanoma cancer",12,1
178,2019,"Melanoma cancer",13,1
238,2019,"Melanoma cancer",14,1
254,2019,"Melanoma cancer",15,1
210,2019,"Melanoma cancer",16,1
112,2019,"Melanoma cancer",17,1
116,2019,"Melanoma cancer",18,1
5,2019,"Melanoma cancer",1,2
2,2019,"Melanoma cancer",3,2
4,2019,"Melanoma cancer",4,2
27,2019,"Melanoma cancer",5,2
32,2019,"Melanoma cancer",6,2
72,2019,"Melanoma cancer",7,2
52,2019,"Melanoma cancer",8,2
99,2019,"Melanoma cancer",9,2
76,2019,"Melanoma cancer",10,2
101,2019,"Melanoma cancer",11,2
143,2019,"Melanoma cancer",12,2
124,2019,"Melanoma cancer",13,2
146,2019,"Melanoma cancer",14,2
110,2019,"Melanoma cancer",15,2
112,2019,"Melanoma cancer",16,2
65,2019,"Melanoma cancer",17,2
66,2019,"Melanoma cancer",18,2
4,2020,"Melanoma cancer",1,1
6,2020,"Melanoma cancer",2,1
6,2020,"Melanoma cancer",3,1
7,2020,"Melanoma cancer",6,1
33,2020,"Melanoma cancer",7,1
44,2020,"Melanoma cancer",8,1
54,2020,"Melanoma cancer",9,1
66,2020,"Melanoma cancer",10,1
98,2020,"Melanoma cancer",11,1
137,2020,"Melanoma cancer",12,1
162,2020,"Melanoma cancer",13,1
211,2020,"Melanoma cancer",14,1
255,2020,"Melanoma cancer",15,1
183,2020,"Melanoma cancer",16,1
150,2020,"Melanoma cancer",17,1
110,2020,"Melanoma cancer",18,1
1,2020,"Melanoma cancer",2,2
11,2020,"Melanoma cancer",4,2
40,2020,"Melanoma cancer",6,2
27,2020,"Melanoma cancer",7,2
48,2020,"Melanoma cancer",8,2
78,2020,"Melanoma cancer",9,2
102,2020,"Melanoma cancer",10,2
91,2020,"Melanoma cancer",11,2
114,2020,"Melanoma cancer",12,2
118,2020,"Melanoma cancer",13,2
150,2020,"Melanoma cancer",14,2
138,2020,"Melanoma cancer",15,2
110,2020,"Melanoma cancer",16,2
88,2020,"Melanoma cancer",17,2
62,2020,"Melanoma cancer",18,2
19,2021,"Melanoma cancer",1,1
16,2021,"Melanoma cancer",5,1
37,2021,"Melanoma cancer",6,1
20,2021,"Melanoma cancer",7,1
24,2021,"Melanoma cancer",8,1
80,2021,"Melanoma cancer",9,1
68,2021,"Melanoma cancer",10,1
127,2021,"Melanoma cancer",11,1
142,2021,"Melanoma cancer",12,1
172,2021,"Melanoma cancer",13,1
222,2021,"Melanoma cancer",14,1
226,2021,"Melanoma cancer",15,1
233,2021,"Melanoma cancer",16,1
148,2021,"Melanoma cancer",17,1
109,2021,"Melanoma cancer",18,1
4,2021,"Melanoma cancer",1,2
16,2021,"Melanoma cancer",3,2
28,2021,"Melanoma cancer",5,2
36,2021,"Melanoma cancer",6,2
11,2021,"Melanoma cancer",7,2
49,2021,"Melanoma cancer",8,2
63,2021,"Melanoma cancer",9,2
74,2021,"Melanoma cancer",10,2
92,2021,"Melanoma cancer",11,2
103,2021,"Melanoma cancer",12,2
106,2021,"Melanoma cancer",13,2
124,2021,"Melanoma cancer",14,2
152,2021,"Melanoma cancer",15,2
96,2021,"Melanoma cancer",16,2
80,2021,"Melanoma cancer",17,2
75,2021,"Melanoma cancer",18,2
3,2022,"Melanoma cancer",1,1
10,2022,"Melanoma cancer",2,1
12,2022,"Melanoma cancer",3,1
9,2022,"Melanoma cancer",4,1
33,2022,"Melanoma cancer",6,1
14,2022,"Melanoma cancer",7,1
50,2022,"Melanoma cancer",8,1
61,2022,"Melanoma cancer",9,1
73,2022,"Melanoma cancer",10,1
110,2022,"Melanoma cancer",11,1
157,2022,"Melanoma cancer",12,1
209,2022,"Melanoma cancer",13,1
226,2022,"Melanoma cancer",14,1
269,2022,"Melanoma cancer",15,1
245,2022,"Melanoma cancer",16,1
176,2022,"Melanoma cancer",17,1
133,2022,"Melanoma cancer",18,1
6,2022,"Melanoma cancer",1,2
16,2022,"Melanoma cancer",2,2
10,2022,"Melanoma cancer",4,2
1,2022,"Melanoma cancer",5,2
36,2022,"Melanoma cancer",6,2
33,2022,"Melanoma cancer",7,2
49,2022,"Melanoma cancer",8,2
84,2022,"Melanoma cancer",9,2
69,2022,"Melanoma cancer",10,2
104,2022,"Melanoma cancer",11,2
92,2022,"Melanoma cancer",12,2
139,2022,"Melanoma cancer",13,2
155,2022,"Melanoma cancer",14,2
137,2022,"Melanoma cancer",15,2
113,2022,"Melanoma cancer",16,2
104,2022,"Melanoma cancer",17,2
103,2022,"Melanoma cancer",18,2
2,2023,"Melanoma cancer",1,1
13,2023,"Melanoma cancer",3,1
17,2023,"Melanoma cancer",5,1
24,2023,"Melanoma cancer",6,1
43,2023,"Melanoma cancer",7,1
43,2023,"Melanoma cancer",8,1
37,2023,"Melanoma cancer",9,1
75,2023,"Melanoma cancer",10,1
117,2023,"Melanoma cancer",11,1
145,2023,"Melanoma cancer",12,1
229,2023,"Melanoma cancer",13,1
208,2023,"Melanoma cancer",14,1
254,2023,"Melanoma cancer",15,1
267,2023,"Melanoma cancer",16,1
171,2023,"Melanoma cancer",17,1
157,2023,"Melanoma cancer",18,1
11,2023,"Melanoma cancer",2,2
3,2023,"Melanoma cancer",3,2
31,2023,"Melanoma cancer",6,2
48,2023,"Melanoma cancer",7,2
47,2023,"Melanoma cancer",8,2
80,2023,"Melanoma cancer",9,2
72,2023,"Melanoma cancer",10,2
98,2023,"Melanoma cancer",11,2
106,2023,"Melanoma cancer",12,2
143,2023,"Melanoma cancer",13,2
147,2023,"Melanoma cancer",14,2
152,2023,"Melanoma cancer",15,2
160,2023,"Melanoma cancer",16,2
101,2023,"Melanoma cancer",17,2
99,2023,"Melanoma cancer",18,2
12,2005,"Breast (female) cancer",1,2
15,2005,"Breast (female) cancer",2,2
3,2005,"Breast (female) cancer",3,2
20,2005,"Breast (female) cancer",4,2
30,2005,"Breast (female) cancer",7,2
73,2005,"Breast (female) cancer",8,2
126,2005,"Breast (female) cancer",9,2
215,2005,"Breast (female) cancer",10,2
199,2005,"Breast (female) cancer",11,2
231,2005,"Breast (female) cancer",12,2
221,2005,"Breast (female) cancer",13,2
189,2005,"Breast (female) cancer",14,2
112,2005,"Breast (female) cancer",15,2
104,2005,"Breast (female) cancer",16,2
72,2005,"Breast (female) cancer",17,2
60,2005,"Breast (female) cancer",18,2
11,2006,"Breast (female) cancer",2,2
14,2006,"Breast (female) cancer",4,2
24,2006,"Breast (female) cancer",6,2
17,2006,"Breast (female) cancer",7,2
66,2006,"Breast (female) cancer",8,2
136,2006,"Breast (female) cancer",9,2
204,2006,"Breast (female) cancer",10,2
217,2006,"Breast (female) cancer",11,2
258,2006,"Breast (female) cancer",12,2
234,2006,"Breast (female) cancer",13,2
181,2006,"Breast (female) cancer",14,2
134,2006,"Breast (female) cancer",15,2
80,2006,"Breast (female) cancer",16,2
109,2006,"Breast (female) cancer",17,2
45,2006,"Breast (female) cancer",18,2
7,2007,"Breast (female) cancer",2,2
6,2007,"Breast (female) cancer",4,2
12,2007,"Breast (female) cancer",5,2
9,2007,"Breast (female) cancer",7,2
28,2007,"Breast (female) cancer",8,2
143,2007,"Breast (female) cancer",9,2
183,2007,"Breast (female) cancer",10,2
217,2007,"Breast (female) cancer",11,2
225,2007,"Breast (female) cancer",12,2
238,2007,"Breast (female) cancer",13,2
174,2007,"Breast (female) cancer",14,2
164,2007,"Breast (female) cancer",15,2
119,2007,"Breast (female) cancer",16,2
100,2007,"Breast (female) cancer",17,2
67,2007,"Breast (female) cancer",18,2
15,2008,"Breast (female) cancer",1,2
9,2008,"Breast (female) cancer",4,2
2,2008,"Breast (female) cancer",5,2
13,2008,"Breast (female) cancer",6,2
50,2008,"Breast (female) cancer",7,2
85,2008,"Breast (female) cancer",8,2
134,2008,"Breast (female) cancer",9,2
200,2008,"Breast (female) cancer",10,2
258,2008,"Breast (female) cancer",11,2
241,2008,"Breast (female) cancer",12,2
263,2008,"Breast (female) cancer",13,2
197,2008,"Breast (female) cancer",14,2
159,2008,"Breast (female) cancer",15,2
119,2008,"Breast (female) cancer",16,2
93,2008,"Breast (female) cancer",17,2
93,2008,"Breast (female) cancer",18,2
3,2009,"Breast (female) cancer",1,2
18,2009,"Breast (female) cancer",3,2
5,2009,"Breast (female) cancer",5,2
27,2009,"Breast (female) cancer",6,2
30,2009,"Breast (female) cancer",7,2
70,2009,"Breast (female) cancer",8,2
141,2009,"Breast (female) cancer",9,2
189,2009,"Breast (female) cancer",10,2
225,2009,"Breast (female) cancer",11,2
245,2009,"Breast (female) cancer",12,2
262,2009,"Breast (female) cancer",13,2
241,2009,"Breast (female) cancer",14,2
160,2009,"Breast (female) cancer",15,2
120,2009,"Breast (female) cancer",16,2
95,2009,"Breast (female) cancer",17,2
75,2009,"Breast (female) cancer",18,2
9,2010,"Breast (female) cancer",3,2
13,2010,"Breast (female) cancer",4,2
1,2010,"Breast (female) cancer",6,2
12,2010,"Breast (female) cancer",7,2
59,2010,"Breast (female) cancer",8,2
112,2010,"Breast (female) cancer",9,2
237,2010,"Breast (female) cancer",10,2
257,2010,"Breast (female) cancer",11,2
223,2010,"Breast (female) cancer",12,2
273,2010,"Breast (female) cancer",13,2
249,2010,"Breast (female) cancer",14,2
169,2010,"Breast (female) cancer",15,2
135,2010,"Breast (female) cancer",16,2
72,2010,"Breast (female) cancer",17,2
81,2010,"Breast (female) cancer",18,2
4,2011,"Breast (female) cancer",2,2
14,2011,"Breast (female) cancer",4,2
13,2011,"Breast (female) cancer",6,2
25,2011,"Breast (female) cancer",7,2
54,2011,"Breast (female) cancer",8,2
134,2011,"Breast (female) cancer",9,2
188,2011,"Breast (female) cancer",10,2
225,2011,"Breast (female) cancer",11,2
249,2011,"Breast (female) cancer",12,2
312,2011,"Breast (female) cancer",13,2
249,2011,"Breast (female) cancer",14,2
178,2011,"Breast (female) cancer",15,2
140,2011,"Breast (female) cancer",16,2
114,2011,"Breast (female) cancer",17,2
120,2011,"Breast (female) cancer",18,2
7,2012,"Breast (female) cancer",1,2
13,2012,"Breast (female) cancer",2,2
1,2012,"Breast (female) cancer",3,2
15,2012,"Breast (female) cancer",4,2
14,2012,"Breast (female) cancer",5,2
16,2012,"Breast (female) cancer",7,2
56,2012,"Breast (female) cancer",8,2
138,2012,"Breast (female) cancer",9,2
259,2012,"Breast (female) cancer",10,2
290,2012,"Breast (female) cancer",11,2
217,2012,"Breast (female) cancer",12,2
293,2012,"Breast (female) cancer",13,2
291,2012,"Breast (female) cancer",14,2
175,2012,"Breast (female) cancer",15,2
121,2012,"Breast (female) cancer",16,2
109,2012,"Breast (female) cancer",17,2
129,2012,"Breast (female) cancer",18,2
11,2013,"Breast (female) cancer",1,2
4,2013,"Breast (female) cancer",2,2
33,2013,"Breast (female) cancer",7,2
54,2013,"Breast (female) cancer",8,2
141,2013,"Breast (female) cancer",9,2
267,2013,"Breast (female) cancer",10,2
280,2013,"Breast (female) cancer",11,2
264,2013,"Breast (female) cancer",12,2
284,2013,"Breast (female) cancer",13,2
288,2013,"Breast (female) cancer",14,2
210,2013,"Breast (female) cancer",15,2
129,2013,"Breast (female) cancer",16,2
120,2013,"Breast (female) cancer",17,2
122,2013,"Breast (female) cancer",18,2
2,2014,"Breast (female) cancer",1,2
5,2014,"Breast (female) cancer",3,2
15,2014,"Breast (female) cancer",5,2
15,2014,"Breast (female) cancer",6,2
29,2014,"Breast (female) cancer",7,2
37,2014,"Breast (female) cancer",8,2
137,2014,"Breast (female) cancer",9,2
244,2014,"Breast (female) cancer",10,2
292,2014,"Breast (female) cancer",11,2
250,2014,"Breast (female) cancer",12,2
270,2014,"Breast (female) cancer",13,2
324,2014,"Breast (female) cancer",14,2
267,2014,"Breast (female) cancer",15,2
128,2014,"Breast (female) cancer",16,2
120,2014,"Breast (female) cancer",17,2
122,2014,"Breast (female) cancer",18,2
15,2015,"Breast (female) cancer",3,2
6,2015,"Breast (female) cancer",4,2
6,2015,"Breast (female) cancer",7,2
50,2015,"Breast (female) cancer",8,2
150,2015,"Breast (female) cancer",9,2
245,2015,"Breast (female) cancer",10,2
240,2015,"Breast (female) cancer",11,2
252,2015,"Breast (female) cancer",12,2
311,2015,"Breast (female) cancer",13,2
284,2015,"Breast (female) cancer",14,2
242,2015,"Breast (female) cancer",15,2
141,2015,"Breast (female) cancer",16,2
75,2015,"Breast (female) cancer",17,2
131,2015,"Breast (female) cancer",18,2
8,2016,"Breast (female) cancer",3,2
18,2016,"Breast (female) cancer",4,2
7,2016,"Breast (female) cancer",6,2
57,2016,"Breast (female) cancer",7,2
73,2016,"Breast (female) cancer",8,2
157,2016,"Breast (female) cancer",9,2
228,2016,"Breast (female) cancer",10,2
255,2016,"Breast (female) cancer",11,2
259,2016,"Breast (female) cancer",12,2
319,2016,"Breast (female) cancer",13,2
355,2016,"Breast (female) cancer",14,2
246,2016,"Breast (female) cancer",15,2
145,2016,"Breast (female) cancer",16,2
110,2016,"Breast (female) cancer",17,2
93,2016,"Breast (female) cancer",18,2
16,2017,"Breast (female) cancer",4,2
21,2017,"Breast (female) cancer",6,2
51,2017,"Breast (female) cancer",7,2
76,2017,"Breast (female) cancer",8,2
152,2017,"Breast (female) cancer",9,2
240,2017,"Breast (female) cancer",10,2
267,2017,"Breast (female) cancer",11,2
297,2017,"Breast (female) cancer",12,2
295,2017,"Breast (female) cancer",13,2
303,2017,"Breast (female) cancer",14,2
302,2017,"Breast (female) cancer",15,2
171,2017,"Breast (female) cancer",16,2
93,2017,"Breast (female) cancer",17,2
140,2017,"Breast (female) cancer",18,2
18,2018,"Breast (female) cancer",2,2
7,2018,"Breast (female) cancer",4,2
6,2018,"Breast (female) cancer",5,2
14,2018,"Breast (female) cancer",6,2
26,2018,"Breast (female) cancer",7,2
68,2018,"Breast (female) cancer",8,2
150,2018,"Breast (female) cancer",9,2
272,2018,"Breast (female) cancer",10,2
270,2018,"Breast (female) cancer",11,2
278,2018,"Breast (female) cancer",12,2
308,2018,"Breast (female) cancer",13,2
337,2018,"Breast (female) cancer",14,2
317,2018,"Breast (female) cancer",15,2
177,2018,"Breast (female) cancer",16,2
109,2018,"Breast (female) cancer",17,2
135,2018,"Breast (female) cancer",18,2
8,2019,"Breast (female) cancer",6,2
29,2019,"Breast (female) cancer",7,2
85,2019,"Breast (female) cancer",8,2
133,2019,"Breast (female) cancer",9,2
270,2019,"Breast (female) cancer",10,2
294,2019,"Breast (female) cancer",11,2
294,2019,"Breast (female) cancer",12,2
313,2019,"Breast (female) cancer",13,2
302,2019,"Breast (female) cancer",14,2
324,2019,"Breast (female) cancer",15,2
174,2019,"Breast (female) cancer",16,2
142,2019,"Breast (female) cancer",17,2
106,2019,"Breast (female) cancer",18,2
8,2020,"Breast (female) cancer",2,2
16,2020,"Breast (female) cancer",5,2
11,2020,"Breast (female) cancer",6,2
22,2020,"Breast (female) cancer",7,2
70,2020,"Breast (female) cancer",8,2
146,2020,"Breast (female) cancer",9,2
255,2020,"Breast (female) cancer",10,2
292,2020,"Breast (female) cancer",11,2
274,2020,"Breast (female) cancer",12,2
333,2020,"Breast (female) cancer",13,2
311,2020,"Breast (female) cancer",14,2
331,2020,"Breast (female) cancer",15,2
183,2020,"Breast (female) cancer",16,2
139,2020,"Breast (female) cancer",17,2
149,2020,"Breast (female) cancer",18,2
16,2021,"Breast (female) cancer",1,2
20,2021,"Breast (female) cancer",6,2
31,2021,"Breast (female) cancer",7,2
60,2021,"Breast (female) cancer",8,2
158,2021,"Breast (female) cancer",9,2
238,2021,"Breast (female) cancer",10,2
277,2021,"Breast (female) cancer",11,2
315,2021,"Breast (female) cancer",12,2
331,2021,"Breast (female) cancer",13,2
381,2021,"Breast (female) cancer",14,2
352,2021,"Breast (female) cancer",15,2
214,2021,"Breast (female) cancer",16,2
138,2021,"Breast (female) cancer",17,2
125,2021,"Breast (female) cancer",18,2
19,2022,"Breast (female) cancer",2,2
4,2022,"Breast (female) cancer",6,2
29,2022,"Breast (female) cancer",7,2
67,2022,"Breast (female) cancer",8,2
150,2022,"Breast (female) cancer",9,2
249,2022,"Breast (female) cancer",10,2
278,2022,"Breast (female) cancer",11,2
271,2022,"Breast (female) cancer",12,2
338,2022,"Breast (female) cancer",13,2
343,2022,"Breast (female) cancer",14,2
297,2022,"Breast (female) cancer",15,2
211,2022,"Breast (female) cancer",16,2
152,2022,"Breast (female) cancer",17,2
150,2022,"Breast (female) cancer",18,2
18,2023,"Breast (female) cancer",4,2
23,2023,"Breast (female) cancer",6,2
40,2023,"Breast (female) cancer",7,2
94,2023,"Breast (female) cancer",8,2
135,2023,"Breast (female) cancer",9,2
260,2023,"Breast (female) cancer",10,2
314,2023,"Breast (female) cancer",11,2
324,2023,"Breast (female) cancer",12,2
372,2023,"Breast (female) cancer",13,2
345,2023,"Breast (female) cancer",14,2
367,2023,"Breast (female) cancer",15,2
257,2023,"Breast (female) cancer",16,2
159,2023,"Breast (female) cancer",17,2
102,2023,"Breast (female) cancer",18,2
15,2005,"Prostate cancer",4,1
3,2005,"Prostate cancer",5,1
15,2005,"Prostate cancer",6,1
17,2005,"Prostate cancer",7,1
24,2005,"Prostate cancer",10,1
97,2005,"Prostate cancer",11,1
277,2005,"Prostate cancer",12,1
372,2005,"Prostate cancer",13,1
396,2005,"Prostate cancer",14,1
328,2005,"Prostate cancer",15,1
288,2005,"Prostate cancer",16,1
188,2005,"Prostate cancer",17,1
108,2005,"Prostate cancer",18,1
4,2006,"Prostate cancer",1,1
19,2006,"Prostate cancer",4,1
16,2006,"Prostate cancer",6,1
9,2006,"Prostate cancer",9,1
43,2006,"Prostate cancer",10,1
128,2006,"Prostate cancer",11,1
345,2006,"Prostate cancer",12,1
396,2006,"Prostate cancer",13,1
426,2006,"Prostate cancer",14,1
348,2006,"Prostate cancer",15,1
309,2006,"Prostate cancer",16,1
165,2006,"Prostate cancer",17,1
125,2006,"Prostate cancer",18,1
6,2007,"Prostate cancer",1,1
20,2007,"Prostate cancer",2,1
15,2007,"Prostate cancer",3,1
13,2007,"Prostate cancer",7,1
6,2007,"Prostate cancer",8,1
14,2007,"Prostate cancer",9,1
56,2007,"Prostate cancer",10,1
158,2007,"Prostate cancer",11,1
357,2007,"Prostate cancer",12,1
461,2007,"Prostate cancer",13,1
519,2007,"Prostate cancer",14,1
374,2007,"Prostate cancer",15,1
316,2007,"Prostate cancer",16,1
171,2007,"Prostate cancer",17,1
141,2007,"Prostate cancer",18,1
5,2008,"Prostate cancer",1,1
8,2008,"Prostate cancer",2,1
1,2008,"Prostate cancer",6,1
2,2008,"Prostate cancer",7,1
2,2008,"Prostate cancer",8,1
31,2008,"Prostate cancer",9,1
43,2008,"Prostate cancer",10,1
171,2008,"Prostate cancer",11,1
362,2008,"Prostate cancer",12,1
513,2008,"Prostate cancer",13,1
562,2008,"Prostate cancer",14,1
372,2008,"Prostate cancer",15,1
325,2008,"Prostate cancer",16,1
207,2008,"Prostate cancer",17,1
147,2008,"Prostate cancer",18,1
2,2009,"Prostate cancer",2,1
19,2009,"Prostate cancer",3,1
4,2009,"Prostate cancer",4,1
7,2009,"Prostate cancer",5,1
2,2009,"Prostate cancer",7,1
14,2009,"Prostate cancer",8,1
40,2009,"Prostate cancer",9,1
71,2009,"Prostate cancer",10,1
165,2009,"Prostate cancer",11,1
372,2009,"Prostate cancer",12,1
548,2009,"Prostate cancer",13,1
570,2009,"Prostate cancer",14,1
380,2009,"Prostate cancer",15,1
283,2009,"Prostate cancer",16,1
175,2009,"Prostate cancer",17,1
132,2009,"Prostate cancer",18,1
17,2010,"Prostate cancer",1,1
4,2010,"Prostate cancer",4,1
9,2010,"Prostate cancer",6,1
10,2010,"Prostate cancer",7,1
2,2010,"Prostate cancer",8,1
9,2010,"Prostate cancer",9,1
47,2010,"Prostate cancer",10,1
166,2010,"Prostate cancer",11,1
310,2010,"Prostate cancer",12,1
514,2010,"Prostate cancer",13,1
543,2010,"Prostate cancer",14,1
411,2010,"Prostate cancer",15,1
294,2010,"Prostate cancer",16,1
165,2010,"Prostate cancer",17,1
140,2010,"Prostate cancer",18,1
14,2011,"Prostate cancer",3,1
16,2011,"Prostate cancer",7,1
32,2011,"Prostate cancer",9,1
65,2011,"Prostate cancer",10,1
155,2011,"Prostate cancer",11,1
387,2011,"Prostate cancer",12,1
519,2011,"Prostate cancer",13,1
579,2011,"Prostate cancer",14,1
432,2011,"Prostate cancer",15,1
339,2011,"Prostate cancer",16,1
172,2011,"Prostate cancer",17,1
146,2011,"Prostate cancer",18,1
12,2012,"Prostate cancer",1,1
16,2012,"Prostate cancer",6,1
16,2012,"Prostate cancer",7,1
3,2012,"Prostate cancer",8,1
32,2012,"Prostate cancer",9,1
58,2012,"Prostate cancer",10,1
156,2012,"Prostate cancer",11,1
354,2012,"Prostate cancer",12,1
527,2012,"Prostate cancer",13,1
668,2012,"Prostate cancer",14,1
460,2012,"Prostate cancer",15,1
279,2012,"Prostate cancer",16,1
172,2012,"Prostate cancer",17,1
128,2012,"Prostate cancer",18,1
19,2013,"Prostate cancer",1,1
16,2013,"Prostate cancer",2,1
1,2013,"Prostate cancer",3,1
4,2013,"Prostate cancer",5,1
1,2013,"Prostate cancer",8,1
67,2013,"Prostate cancer",10,1
151,2013,"Prostate cancer",11,1
330,2013,"Prostate cancer",12,1
479,2013,"Prostate cancer",13,1
642,2013,"Prostate cancer",14,1
479,2013,"Prostate cancer",15,1
351,2013,"Prostate cancer",16,1
163,2013,"Prostate cancer",17,1
164,2013,"Prostate cancer",18,1
16,2014,"Prostate cancer",1,1
4,2014,"Prostate cancer",3,1
6,2014,"Prostate cancer",4,1
6,2014,"Prostate cancer",5,1
1,2014,"Prostate cancer",9,1
46,2014,"Prostate cancer",10,1
142,2014,"Prostate cancer",11,1
289,2014,"Prostate cancer",12,1
443,2014,"Prostate cancer",13,1
623,2014,"Prostate cancer",14,1
446,2014,"Prostate cancer",15,1
317,2014,"Prostate cancer",16,1
181,2014,"Prostate cancer",17,1
144,2014,"Prostate cancer",18,1
13,2015,"Prostate cancer",5,1
1,2015,"Prostate cancer",7,1
8,2015,"Prostate cancer",8,1
14,2015,"Prostate cancer",9,1
56,2015,"Prostate cancer",10,1
102,2015,"Prostate cancer",11,1
290,2015,"Prostate cancer",12,1
469,2015,"Prostate cancer",13,1
672,2015,"Prostate cancer",14,1
469,2015,"Prostate cancer",15,1
325,2015,"Prostate cancer",16,1
153,2015,"Prostate cancer",17,1
136,2015,"Prostate cancer",18,1
14,2016,"Prostate cancer",1,1
9,2016,"Prostate cancer",5,1
30,2016,"Prostate cancer",9,1
35,2016,"Prostate cancer",10,1
110,2016,"Prostate cancer",11,1
295,2016,"Prostate cancer",12,1
415,2016,"Prostate cancer",13,1
629,2016,"Prostate cancer",14,1
489,2016,"Prostate cancer",15,1
347,2016,"Prostate cancer",16,1
184,2016,"Prostate cancer",17,1
160,2016,"Prostate cancer",18,1
2,2017,"Prostate cancer",2,1
3,2017,"Prostate cancer",8,1
13,2017,"Prostate cancer",9,1
39,2017,"Prostate cancer",10,1
129,2017,"Prostate cancer",11,1
277,2017,"Prostate cancer",12,1
441,2017,"Prostate cancer",13,1
687,2017,"Prostate cancer",14,1
606,2017,"Prostate cancer",15,1
334,2017,"Prostate cancer",16,1
171,2017,"Prostate cancer",17,1
145,2017,"Prostate cancer",18,1
3,2018,"Prostate cancer",4,1
10,2018,"Prostate cancer",5,1
11,2018,"Prostate cancer",7,1
9,2018,"Prostate cancer",9,1
33,2018,"Prostate cancer",10,1
141,2018,"Prostate cancer",11,1
311,2018,"Prostate cancer",12,1
489,2018,"Prostate cancer",13,1
735,2018,"Prostate cancer",14,1
690,2018,"Prostate cancer",15,1
424,2018,"Prostate cancer",16,1
199,2018,"Prostate cancer",17,1
157,2018,"Prostate cancer",18,1
1,2019,"Prostate cancer",1,1
18,2019,"Prostate cancer",3,1
16,2019,"Prostate cancer",5,1
11,2019,"Prostate cancer",6,1
3,2019,"Prostate cancer",7,1
8,2019,"Prostate cancer",8,1
19,2019,"Prostate cancer",9,1
61,2019,"Prostate cancer",10,1
124,2019,"Prostate cancer",11,1
324,2019,"Prostate cancer",12,1
513,2019,"Prostate cancer",13,1
728,2019,"Prostate cancer",14,1
662,2019,"Prostate cancer",15,1
443,2019,"Prostate cancer",16,1
214,2019,"Prostate cancer",17,1
170,2019,"Prostate cancer",18,1
2,2020,"Prostate cancer",1,1
16,2020,"Prostate cancer",4,1
10,2020,"Prostate cancer",7,1
12,2020,"Prostate cancer",9,1
48,2020,"Prostate cancer",10,1
146,2020,"Prostate cancer",11,1
324,2020,"Prostate cancer",12,1
507,2020,"Prostate cancer",13,1
760,2020,"Prostate cancer",14,1
709,2020,"Prostate cancer",15,1
481,2020,"Prostate cancer",16,1
214,2020,"Prostate cancer",17,1
156,2020,"Prostate cancer",18,1
1,2021,"Prostate cancer",1,1
9,2021,"Prostate cancer",2,1
15,2021,"Prostate cancer",4,1
11,2021,"Prostate cancer",5,1
10,2021,"Prostate cancer",7,1
24,2021,"Prostate cancer",9,1
27,2021,"Prostate cancer",10,1
152,2021,"Prostate cancer",11,1
336,2021,"Prostate cancer",12,1
550,2021,"Prostate cancer",13,1
768,2021,"Prostate cancer",14,1
776,2021,"Prostate cancer",15,1
500,2021,"Prostate cancer",16,1
249,2021,"Prostate cancer",17,1
199,2021,"Prostate cancer",18,1
10,2022,"Prostate cancer",1,1
9,2022,"Prostate cancer",2,1
2,2022,"Prostate cancer",3,1
1,2022,"Prostate cancer",4,1
14,2022,"Prostate cancer",9,1
47,2022,"Prostate cancer",10,1
158,2022,"Prostate cancer",11,1
438,2022,"Prostate cancer",12,1
733,2022,"Prostate cancer",13,1
1070,2022,"Prostate cancer",14,1
1147,2022,"Prostate cancer",15,1
837,2022,"Prostate cancer",16,1
319,2022,"Prostate cancer",17,1
172,2022,"Prostate cancer",18,1
12,2023,"Prostate cancer",1,1
11,2023,"Prostate cancer",2,1
11,2023,"Prostate cancer",3,1
1,2023,"Prostate cancer",4,1
4,2023,"Prostate cancer",6,1
29,2023,"Prostate cancer",9,1
65,2023,"Prostate cancer",10,1
160,2023,"Prostate cancer",11,1
420,2023,"Prostate cancer",12,1
737,2023,"Prostate cancer",13,1
1011,2023,"Prostate cancer",14,1
1092,2023,"Prostate cancer",15,1
880,2023,"Prostate cancer",16,1
348,2023,"Prostate cancer",17,1
194,2023,"Prostate cancer",18,1
20,2005,"Lymphoma",1,1
6,2005,"Lymphoma",2,1
20,2005,"Lymphoma",3,1
12,2005,"Lymphoma",5,1
14,2005,"Lymphoma",8,1
16,2005,"Lymphoma",9,1
32,2005,"Lymphoma",10,1
19,2005,"Lymphoma",11,1
9,2005,"Lymphoma",12,1
41,2005,"Lymphoma",13,1
39,2005,"Lymphoma",14,1
46,2005,"Lymphoma",15,1
44,2005,"Lymphoma",16,1
12,2005,"Lymphoma",17,1
11,2005,"Lymphoma",18,1
5,2005,"Lymphoma",4,2
11,2005,"Lymphoma",5,2
7,2005,"Lymphoma",6,2
20,2005,"Lymphoma",7,2
15,2005,"Lymphoma",8,2
27,2005,"Lymphoma",9,2
33,2005,"Lymphoma",12,2
37,2005,"Lymphoma",13,2
31,2005,"Lymphoma",14,2
23,2005,"Lymphoma",15,2
26,2005,"Lymphoma",16,2
34,2005,"Lymphoma",17,2
16,2005,"Lymphoma",18,2
13,2006,"Lymphoma",3,1
11,2006,"Lymphoma",4,1
20,2006,"Lymphoma",5,1
11,2006,"Lymphoma",8,1
9,2006,"Lymphoma",9,1
20,2006,"Lymphoma",10,1
28,2006,"Lymphoma",11,1
36,2006,"Lymphoma",12,1
16,2006,"Lymphoma",13,1
44,2006,"Lymphoma",14,1
14,2006,"Lymphoma",15,1
11,2006,"Lymphoma",16,1
16,2006,"Lymphoma",17,1
7,2006,"Lymphoma",18,1
14,2006,"Lymphoma",1,2
19,2006,"Lymphoma",3,2
19,2006,"Lymphoma",4,2
2,2006,"Lymphoma",7,2
1,2006,"Lymphoma",10,2
27,2006,"Lymphoma",11,2
46,2006,"Lymphoma",12,2
16,2006,"Lymphoma",13,2
40,2006,"Lymphoma",14,2
12,2006,"Lymphoma",15,2
36,2006,"Lymphoma",16,2
13,2006,"Lymphoma",17,2
23,2006,"Lymphoma",18,2
5,2007,"Lymphoma",1,1
13,2007,"Lymphoma",3,1
23,2007,"Lymphoma",7,1
5,2007,"Lymphoma",9,1
35,2007,"Lymphoma",10,1
6,2007,"Lymphoma",11,1
46,2007,"Lymphoma",12,1
18,2007,"Lymphoma",13,1
20,2007,"Lymphoma",14,1
42,2007,"Lymphoma",15,1
45,2007,"Lymphoma",16,1
5,2007,"Lymphoma",17,1
35,2007,"Lymphoma",18,1
1,2007,"Lymphoma",1,2
19,2007,"Lymphoma",3,2
31,2007,"Lymphoma",9,2
15,2007,"Lymphoma",10,2
14,2007,"Lymphoma",11,2
15,2007,"Lymphoma",12,2
43,2007,"Lymphoma",13,2
46,2007,"Lymphoma",14,2
7,2007,"Lymphoma",15,2
39,2007,"Lymphoma",16,2
12,2007,"Lymphoma",17,2
34,2007,"Lymphoma",18,2
14,2008,"Lymphoma",1,1
18,2008,"Lymphoma",2,1
23,2008,"Lymphoma",4,1
23,2008,"Lymphoma",5,1
3,2008,"Lymphoma",6,1
28,2008,"Lymphoma",8,1
13,2008,"Lymphoma",9,1
16,2008,"Lymphoma",10,1
15,2008,"Lymphoma",11,1
18,2008,"Lymphoma",12,1
26,2008,"Lymphoma",13,1
33,2008,"Lymphoma",14,1
21,2008,"Lymphoma",15,1
31,2008,"Lymphoma",16,1
5,2008,"Lymphoma",17,1
4,2008,"Lymphoma",18,1
11,2008,"Lymphoma",3,2
12,2008,"Lymphoma",4,2
10,2008,"Lymphoma",6,2
20,2008,"Lymphoma",7,2
19,2008,"Lymphoma",9,2
14,2008,"Lymphoma",11,2
16,2008,"Lymphoma",12,2
28,2008,"Lymphoma",13,2
40,2008,"Lymphoma",14,2
35,2008,"Lymphoma",15,2
37,2008,"Lymphoma",16,2
38,2008,"Lymphoma",17,2
30,2008,"Lymphoma",18,2
14,2009,"Lymphoma",1,1
11,2009,"Lymphoma",2,1
11,2009,"Lymphoma",4,1
22,2009,"Lymphoma",6,1
20,2009,"Lymphoma",8,1
18,2009,"Lymphoma",9,1
26,2009,"Lymphoma",10,1
23,2009,"Lymphoma",12,1
45,2009,"Lymphoma",13,1
25,2009,"Lymphoma",14,1
42,2009,"Lymphoma",15,1
30,2009,"Lymphoma",16,1
22,2009,"Lymphoma",17,1
11,2009,"Lymphoma",18,1
5,2009,"Lymphoma",1,2
3,2009,"Lymphoma",2,2
14,2009,"Lymphoma",3,2
14,2009,"Lymphoma",5,2
28,2009,"Lymphoma",9,2
18,2009,"Lymphoma",10,2
34,2009,"Lymphoma",11,2
8,2009,"Lymphoma",12,2
27,2009,"Lymphoma",13,2
46,2009,"Lymphoma",14,2
11,2009,"Lymphoma",15,2
39,2009,"Lymphoma",16,2
12,2009,"Lymphoma",17,2
33,2009,"Lymphoma",18,2
12,2010,"Lymphoma",6,1
16,2010,"Lymphoma",7,1
15,2010,"Lymphoma",8,1
33,2010,"Lymphoma",9,1
31,2010,"Lymphoma",10,1
25,2010,"Lymphoma",11,1
37,2010,"Lymphoma",12,1
27,2010,"Lymphoma",13,1
40,2010,"Lymphoma",14,1
62,2010,"Lymphoma",15,1
47,2010,"Lymphoma",16,1
33,2010,"Lymphoma",17,1
30,2010,"Lymphoma",18,1
11,2010,"Lymphoma",1,2
19,2010,"Lymphoma",2,2
6,2010,"Lymphoma",4,2
7,2010,"Lymphoma",6,2
27,2010,"Lymphoma",8,2
11,2010,"Lymphoma",9,2
10,2010,"Lymphoma",10,2
17,2010,"Lymphoma",11,2
8,2010,"Lymphoma",12,2
19,2010,"Lymphoma",13,2
34,2010,"Lymphoma",14,2
29,2010,"Lymphoma",15,2
29,2010,"Lymphoma",16,2
28,2010,"Lymphoma",17,2
7,2010,"Lymphoma",18,2
20,2011,"Lymphoma",1,1
17,2011,"Lymphoma",2,1
15,2011,"Lymphoma",3,1
14,2011,"Lymphoma",4,1
12,2011,"Lymphoma",5,1
16,2011,"Lymphoma",6,1
17,2011,"Lymphoma",7,1
24,2011,"Lymphoma",8,1
13,2011,"Lymphoma",9,1
19,2011,"Lymphoma",10,1
18,2011,"Lymphoma",11,1
15,2011,"Lymphoma",12,1
31,2011,"Lymphoma",13,1
58,2011,"Lymphoma",14,1
62,2011,"Lymphoma",15,1
36,2011,"Lymphoma",16,1
27,2011,"Lymphoma",17,1
19,2011,"Lymphoma",18,1
1,2011,"Lymphoma",3,2
4,2011,"Lymphoma",4,2
16,2011,"Lymphoma",5,2
5,2011,"Lymphoma",8,2
11,2011,"Lymphoma",9,2
10,2011,"Lymphoma",10,2
10,2011,"Lymphoma",11,2
32,2011,"Lymphoma",12,2
21,2011,"Lymphoma",13,2
16,2011,"Lymphoma",14,2
31,2011,"Lymphoma",15,2
24,2011,"Lymphoma",16,2
32,2011,"Lymphoma",17,2
25,2011,"Lymphoma",18,2
11,2012,"Lymphoma",2,1
9,2012,"Lymphoma",4,1
34,2012,"Lymphoma",9,1
16,2012,"Lymphoma",11,1
23,2012,"Lymphoma",12,1
48,2012,"Lymphoma",13,1
56,2012,"Lymphoma",14,1
73,2012,"Lymphoma",15,1
58,2012,"Lymphoma",16,1
47,2012,"Lymphoma",17,1
32,2012,"Lymphoma",18,1
14,2012,"Lymphoma",2,2
14,2012,"Lymphoma",3,2
1,2012,"Lymphoma",4,2
16,2012,"Lymphoma",6,2
21,2012,"Lymphoma",7,2
16,2012,"Lymphoma",10,2
30,2012,"Lymphoma",11,2
33,2012,"Lymphoma",12,2
42,2012,"Lymphoma",13,2
56,2012,"Lymphoma",14,2
14,2012,"Lymphoma",15,2
34,2012,"Lymphoma",16,2
29,2012,"Lymphoma",17,2
12,2012,"Lymphoma",18,2
2,2013,"Lymphoma",1,1
4,2013,"Lymphoma",3,1
1,2013,"Lymphoma",4,1
27,2013,"Lymphoma",6,1
18,2013,"Lymphoma",8,1
10,2013,"Lymphoma",9,1
31,2013,"Lymphoma",10,1
35,2013,"Lymphoma",11,1
12,2013,"Lymphoma",12,1
25,2013,"Lymphoma",13,1
52,2013,"Lymphoma",14,1
60,2013,"Lymphoma",15,1
53,2013,"Lymphoma",16,1
40,2013,"Lymphoma",17,1
37,2013,"Lymphoma",18,1
12,2013,"Lymphoma",2,2
3,2013,"Lymphoma",4,2
18,2013,"Lymphoma",5,2
26,2013,"Lymphoma",6,2
26,2013,"Lymphoma",8,2
25,2013,"Lymphoma",10,2
18,2013,"Lymphoma",11,2
26,2013,"Lymphoma",12,2
44,2013,"Lymphoma",13,2
47,2013,"Lymphoma",14,2
55,2013,"Lymphoma",15,2
28,2013,"Lymphoma",16,2
30,2013,"Lymphoma",17,2
18,2013,"Lymphoma",18,2
19,2014,"Lymphoma",1,1
18,2014,"Lymphoma",2,1
21,2014,"Lymphoma",3,1
3,2014,"Lymphoma",4,1
10,2014,"Lymphoma",5,1
27,2014,"Lymphoma",7,1
5,2014,"Lymphoma",8,1
2,2014,"Lymphoma",9,1
24,2014,"Lymphoma",10,1
20,2014,"Lymphoma",11,1
57,2014,"Lymphoma",12,1
51,2014,"Lymphoma",13,1
39,2014,"Lymphoma",14,1
73,2014,"Lymphoma",15,1
47,2014,"Lymphoma",16,1
20,2014,"Lymphoma",17,1
18,2014,"Lymphoma",18,1
5,2014,"Lymphoma",3,2
2,2014,"Lymphoma",4,2
16,2014,"Lymphoma",5,2
19,2014,"Lymphoma",7,2
1,2014,"Lymphoma",8,2
18,2014,"Lymphoma",9,2
26,2014,"Lymphoma",10,2
2,2014,"Lymphoma",11,2
44,2014,"Lymphoma",12,2
45,2014,"Lymphoma",13,2
54,2014,"Lymphoma",14,2
43,2014,"Lymphoma",15,2
45,2014,"Lymphoma",16,2
49,2014,"Lymphoma",17,2
51,2014,"Lymphoma",18,2
1,2015,"Lymphoma",2,1
7,2015,"Lymphoma",4,1
8,2015,"Lymphoma",5,1
20,2015,"Lymphoma",6,1
2,2015,"Lymphoma",8,1
19,2015,"Lymphoma",9,1
6,2015,"Lymphoma",10,1
24,2015,"Lymphoma",11,1
52,2015,"Lymphoma",12,1
27,2015,"Lymphoma",13,1
37,2015,"Lymphoma",14,1
42,2015,"Lymphoma",15,1
76,2015,"Lymphoma",16,1
53,2015,"Lymphoma",17,1
43,2015,"Lymphoma",18,1
21,2015,"Lymphoma",4,2
15,2015,"Lymphoma",5,2
13,2015,"Lymphoma",7,2
4,2015,"Lymphoma",10,2
21,2015,"Lymphoma",11,2
17,2015,"Lymphoma",12,2
40,2015,"Lymphoma",13,2
60,2015,"Lymphoma",14,2
59,2015,"Lymphoma",15,2
34,2015,"Lymphoma",16,2
48,2015,"Lymphoma",17,2
27,2015,"Lymphoma",18,2
28,2016,"Lymphoma",8,1
8,2016,"Lymphoma",10,1
25,2016,"Lymphoma",11,1
27,2016,"Lymphoma",12,1
30,2016,"Lymphoma",13,1
37,2016,"Lymphoma",14,1
75,2016,"Lymphoma",15,1
56,2016,"Lymphoma",16,1
53,2016,"Lymphoma",17,1
30,2016,"Lymphoma",18,1
15,2016,"Lymphoma",4,2
20,2016,"Lymphoma",5,2
15,2016,"Lymphoma",7,2
14,2016,"Lymphoma",8,2
7,2016,"Lymphoma",9,2
8,2016,"Lymphoma",10,2
39,2016,"Lymphoma",11,2
29,2016,"Lymphoma",12,2
18,2016,"Lymphoma",13,2
51,2016,"Lymphoma",14,2
46,2016,"Lymphoma",15,2
31,2016,"Lymphoma",16,2
33,2016,"Lymphoma",17,2
52,2016,"Lymphoma",18,2
8,2017,"Lymphoma",4,1
1,2017,"Lymphoma",5,1
13,2017,"Lymphoma",6,1
8,2017,"Lymphoma",7,1
28,2017,"Lymphoma",8,1
4,2017,"Lymphoma",9,1
28,2017,"Lymphoma",10,1
14,2017,"Lymphoma",11,1
24,2017,"Lymphoma",12,1
60,2017,"Lymphoma",13,1
95,2017,"Lymphoma",14,1
75,2017,"Lymphoma",15,1
38,2017,"Lymphoma",16,1
53,2017,"Lymphoma",17,1
64,2017,"Lymphoma",18,1
13,2017,"Lymphoma",1,2
14,2017,"Lymphoma",2,2
1,2017,"Lymphoma",3,2
6,2017,"Lymphoma",4,2
2,2017,"Lymphoma",5,2
13,2017,"Lymphoma",6,2
11,2017,"Lymphoma",7,2
15,2017,"Lymphoma",8,2
37,2017,"Lymphoma",9,2
37,2017,"Lymphoma",10,2
36,2017,"Lymphoma",11,2
50,2017,"Lymphoma",12,2
22,2017,"Lymphoma",13,2
47,2017,"Lymphoma",14,2
51,2017,"Lymphoma",15,2
49,2017,"Lymphoma",16,2
23,2017,"Lymphoma",17,2
42,2017,"Lymphoma",18,2
22,2018,"Lymphoma",3,1
11,2018,"Lymphoma",5,1
14,2018,"Lymphoma",6,1
17,2018,"Lymphoma",7,1
26,2018,"Lymphoma",9,1
42,2018,"Lymphoma",10,1
20,2018,"Lymphoma",11,1
58,2018,"Lymphoma",12,1
57,2018,"Lymphoma",13,1
81,2018,"Lymphoma",14,1
73,2018,"Lymphoma",15,1
82,2018,"Lymphoma",16,1
56,2018,"Lymphoma",17,1
47,2018,"Lymphoma",18,1
9,2018,"Lymphoma",1,2
13,2018,"Lymphoma",2,2
17,2018,"Lymphoma",3,2
4,2018,"Lymphoma",4,2
19,2018,"Lymphoma",5,2
20,2018,"Lymphoma",6,2
14,2018,"Lymphoma",7,2
21,2018,"Lymphoma",8,2
1,2018,"Lymphoma",9,2
12,2018,"Lymphoma",10,2
2,2018,"Lymphoma",11,2
27,2018,"Lymphoma",12,2
35,2018,"Lymphoma",13,2
56,2018,"Lymphoma",14,2
56,2018,"Lymphoma",15,2
61,2018,"Lymphoma",16,2
45,2018,"Lymphoma",17,2
35,2018,"Lymphoma",18,2
13,2019,"Lymphoma",2,1
11,2019,"Lymphoma",3,1
12,2019,"Lymphoma",4,1
26,2019,"Lymphoma",5,1
24,2019,"Lymphoma",6,1
7,2019,"Lymphoma",7,1
2,2019,"Lymphoma",8,1
28,2019,"Lymphoma",9,1
12,2019,"Lymphoma",10,1
26,2019,"Lymphoma",11,1
59,2019,"Lymphoma",12,1
73,2019,"Lymphoma",13,1
85,2019,"Lymphoma",14,1
79,2019,"Lymphoma",15,1
87,2019,"Lymphoma",16,1
41,2019,"Lymphoma",17,1
57,2019,"Lymphoma",18,1
20,2019,"Lymphoma",2,2
10,2019,"Lymphoma",3,2
15,2019,"Lymphoma",4,2
23,2019,"Lymphoma",6,2
18,2019,"Lymphoma",7,2
1,2019,"Lymphoma",8,2
10,2019,"Lymphoma",9,2
16,2019,"Lymphoma",10,2
34,2019,"Lymphoma",11,2
34,2019,"Lymphoma",12,2
20,2019,"Lymphoma",13,2
50,2019,"Lymphoma",14,2
63,2019,"Lymphoma",15,2
54,2019,"Lymphoma",16,2
30,2019,"Lymphoma",17,2
62,2019,"Lymphoma",18,2
11,2020,"Lymphoma",2,1
14,2020,"Lymphoma",3,1
10,2020,"Lymphoma",4,1
23,2020,"Lymphoma",5,1
9,2020,"Lymphoma",6,1
18,2020,"Lymphoma",8,1
2,2020,"Lymphoma",9,1
10,2020,"Lymphoma",10,1
39,2020,"Lymphoma",11,1
28,2020,"Lymphoma",12,1
58,2020,"Lymphoma",13,1
68,2020,"Lymphoma",14,1
83,2020,"Lymphoma",15,1
93,2020,"Lymphoma",16,1
64,2020,"Lymphoma",17,1
51,2020,"Lymphoma",18,1
21,2020,"Lymphoma",3,2
8,2020,"Lymphoma",4,2
1,2020,"Lymphoma",5,2
23,2020,"Lymphoma",6,2
11,2020,"Lymphoma",7,2
27,2020,"Lymphoma",9,2
7,2020,"Lymphoma",10,2
20,2020,"Lymphoma",11,2
40,2020,"Lymphoma",12,2
47,2020,"Lymphoma",13,2
41,2020,"Lymphoma",14,2
84,2020,"Lymphoma",15,2
66,2020,"Lymphoma",16,2
38,2020,"Lymphoma",17,2
56,2020,"Lymphoma",18,2
18,2021,"Lymphoma",3,1
5,2021,"Lymphoma",4,1
6,2021,"Lymphoma",6,1
5,2021,"Lymphoma",7,1
18,2021,"Lymphoma",9,1
17,2021,"Lymphoma",10,1
32,2021,"Lymphoma",11,1
54,2021,"Lymphoma",12,1
68,2021,"Lymphoma",13,1
82,2021,"Lymphoma",14,1
72,2021,"Lymphoma",15,1
80,2021,"Lymphoma",16,1
37,2021,"Lymphoma",17,1
38,2021,"Lymphoma",18,1
15,2021,"Lymphoma",1,2
10,2021,"Lymphoma",6,2
11,2021,"Lymphoma",7,2
19,2021,"Lymphoma",8,2
5,2021,"Lymphoma",9,2
31,2021,"Lymphoma",10,2
22,2021,"Lymphoma",11,2
43,2021,"Lymphoma",12,2
23,2021,"Lymphoma",13,2
39,2021,"Lymphoma",14,2
50,2021,"Lymphoma",15,2
72,2021,"Lymphoma",16,2
36,2021,"Lymphoma",17,2
23,2021,"Lymphoma",18,2
11,2022,"Lymphoma",1,1
4,2022,"Lymphoma",2,1
17,2022,"Lymphoma",3,1
27,2022,"Lymphoma",4,1
1,2022,"Lymphoma",6,1
12,2022,"Lymphoma",7,1
30,2022,"Lymphoma",8,1
19,2022,"Lymphoma",9,1
15,2022,"Lymphoma",10,1
34,2022,"Lymphoma",11,1
22,2022,"Lymphoma",12,1
71,2022,"Lymphoma",13,1
72,2022,"Lymphoma",14,1
78,2022,"Lymphoma",15,1
81,2022,"Lymphoma",16,1
57,2022,"Lymphoma",17,1
40,2022,"Lymphoma",18,1
10,2022,"Lymphoma",1,2
4,2022,"Lymphoma",4,2
4,2022,"Lymphoma",5,2
7,2022,"Lymphoma",6,2
2,2022,"Lymphoma",7,2
7,2022,"Lymphoma",8,2
11,2022,"Lymphoma",9,2
25,2022,"Lymphoma",10,2
3,2022,"Lymphoma",11,2
21,2022,"Lymphoma",12,2
55,2022,"Lymphoma",13,2
49,2022,"Lymphoma",14,2
67,2022,"Lymphoma",15,2
51,2022,"Lymphoma",16,2
26,2022,"Lymphoma",17,2
48,2022,"Lymphoma",18,2
16,2023,"Lymphoma",2,1
22,2023,"Lymphoma",3,1
19,2023,"Lymphoma",4,1
3,2023,"Lymphoma",5,1
10,2023,"Lymphoma",6,1
8,2023,"Lymphoma",7,1
30,2023,"Lymphoma",8,1
29,2023,"Lymphoma",9,1
37,2023,"Lymphoma",10,1
23,2023,"Lymphoma",11,1
28,2023,"Lymphoma",12,1
57,2023,"Lymphoma",13,1
76,2023,"Lymphoma",14,1
91,2023,"Lymphoma",15,1
87,2023,"Lymphoma",16,1
72,2023,"Lymphoma",17,1
62,2023,"Lymphoma",18,1
4,2023,"Lymphoma",1,2
2,2023,"Lymphoma",4,2
19,2023,"Lymphoma",6,2
24,2023,"Lymphoma",7,2
3,2023,"Lymphoma",8,2
44,2023,"Lymphoma",11,2
28,2023,"Lymphoma",12,2
43,2023,"Lymphoma",13,2
67,2023,"Lymphoma",14,2
65,2023,"Lymphoma",15,2
88,2023,"Lymphoma",16,2
64,2023,"Lymphoma",17,2
23,2023,"Lymphoma",18,2
8,2005,"Leukaemia",1,1
21,2005,"Leukaemia",2,1
4,2005,"Leukaemia",3,1
14,2005,"Leukaemia",4,1
1,2005,"Leukaemia",6,1
12,2005,"Leukaemia",8,1
19,2005,"Leukaemia",9,1
10,2005,"Leukaemia",10,1
15,2005,"Leukaemia",11,1
31,2005,"Leukaemia",12,1
21,2005,"Leukaemia",13,1
50,2005,"Leukaemia",14,1
43,2005,"Leukaemia",15,1
31,2005,"Leukaemia",16,1
9,2005,"Leukaemia",17,1
12,2005,"Leukaemia",4,2
14,2005,"Leukaemia",5,2
13,2005,"Leukaemia",8,2
24,2005,"Leukaemia",9,2
16,2005,"Leukaemia",10,2
27,2005,"Leukaemia",12,2
22,2005,"Leukaemia",13,2
25,2005,"Leukaemia",14,2
19,2005,"Leukaemia",15,2
4,2005,"Leukaemia",16,2
10,2005,"Leukaemia",17,2
34,2005,"Leukaemia",18,2
11,2006,"Leukaemia",2,1
16,2006,"Leukaemia",5,1
18,2006,"Leukaemia",6,1
10,2006,"Leukaemia",7,1
10,2006,"Leukaemia",8,1
2,2006,"Leukaemia",9,1
15,2006,"Leukaemia",10,1
23,2006,"Leukaemia",11,1
32,2006,"Leukaemia",12,1
48,2006,"Leukaemia",13,1
22,2006,"Leukaemia",14,1
44,2006,"Leukaemia",15,1
42,2006,"Leukaemia",16,1
8,2006,"Leukaemia",17,1
32,2006,"Leukaemia",18,1
16,2006,"Leukaemia",2,2
8,2006,"Leukaemia",5,2
5,2006,"Leukaemia",8,2
17,2006,"Leukaemia",10,2
3,2006,"Leukaemia",11,2
6,2006,"Leukaemia",12,2
35,2006,"Leukaemia",13,2
29,2006,"Leukaemia",14,2
24,2006,"Leukaemia",15,2
40,2006,"Leukaemia",16,2
41,2006,"Leukaemia",17,2
34,2006,"Leukaemia",18,2
30,2007,"Leukaemia",1,1
9,2007,"Leukaemia",2,1
8,2007,"Leukaemia",3,1
10,2007,"Leukaemia",4,1
5,2007,"Leukaemia",5,1
20,2007,"Leukaemia",6,1
4,2007,"Leukaemia",7,1
4,2007,"Leukaemia",8,1
16,2007,"Leukaemia",9,1
27,2007,"Leukaemia",10,1
6,2007,"Leukaemia",11,1
26,2007,"Leukaemia",12,1
57,2007,"Leukaemia",13,1
15,2007,"Leukaemia",14,1
34,2007,"Leukaemia",15,1
25,2007,"Leukaemia",16,1
45,2007,"Leukaemia",17,1
26,2007,"Leukaemia",18,1
7,2007,"Leukaemia",3,2
13,2007,"Leukaemia",5,2
9,2007,"Leukaemia",6,2
2,2007,"Leukaemia",10,2
24,2007,"Leukaemia",11,2
27,2007,"Leukaemia",12,2
13,2007,"Leukaemia",13,2
24,2007,"Leukaemia",14,2
14,2007,"Leukaemia",15,2
30,2007,"Leukaemia",16,2
11,2007,"Leukaemia",17,2
25,2007,"Leukaemia",18,2
6,2008,"Leukaemia",1,1
19,2008,"Leukaemia",2,1
10,2008,"Leukaemia",3,1
4,2008,"Leukaemia",4,1
10,2008,"Leukaemia",5,1
4,2008,"Leukaemia",9,1
25,2008,"Leukaemia",10,1
13,2008,"Leukaemia",11,1
40,2008,"Leukaemia",12,1
22,2008,"Leukaemia",13,1
49,2008,"Leukaemia",14,1
63,2008,"Leukaemia",15,1
55,2008,"Leukaemia",16,1
29,2008,"Leukaemia",17,1
29,2008,"Leukaemia",18,1
14,2008,"Leukaemia",2,2
10,2008,"Leukaemia",10,2
19,2008,"Leukaemia",11,2
15,2008,"Leukaemia",12,2
2,2008,"Leukaemia",13,2
22,2008,"Leukaemia",14,2
23,2008,"Leukaemia",15,2
33,2008,"Leukaemia",16,2
30,2008,"Leukaemia",17,2
30,2008,"Leukaemia",18,2
21,2009,"Leukaemia",1,1
9,2009,"Leukaemia",2,1
23,2009,"Leukaemia",3,1
15,2009,"Leukaemia",6,1
13,2009,"Leukaemia",7,1
8,2009,"Leukaemia",8,1
10,2009,"Leukaemia",9,1
26,2009,"Leukaemia",10,1
8,2009,"Leukaemia",11,1
21,2009,"Leukaemia",12,1
31,2009,"Leukaemia",13,1
37,2009,"Leukaemia",14,1
24,2009,"Leukaemia",15,1
20,2009,"Leukaemia",16,1
27,2009,"Leukaemia",17,1
24,2009,"Leukaemia",18,1
20,2009,"Leukaemia",6,2
5,2009,"Leukaemia",8,2
9,2009,"Leukaemia",10,2
23,2009,"Leukaemia",11,2
32,2009,"Leukaemia",12,2
26,2009,"Leukaemia",13,2
33,2009,"Leukaemia",14,2
32,2009,"Leukaemia",15,2
13,2009,"Leukaemia",16,2
17,2009,"Leukaemia",17,2
28,2009,"Leukaemia",18,2
20,2010,"Leukaemia",1,1
15,2010,"Leukaemia",2,1
18,2010,"Leukaemia",3,1
7,2010,"Leukaemia",4,1
17,2010,"Leukaemia",5,1
24,2010,"Leukaemia",6,1
20,2010,"Leukaemia",7,1
13,2010,"Leukaemia",10,1
42,2010,"Leukaemia",12,1
58,2010,"Leukaemia",13,1
47,2010,"Leukaemia",14,1
34,2010,"Leukaemia",15,1
50,2010,"Leukaemia",16,1
52,2010,"Leukaemia",17,1
45,2010,"Leukaemia",18,1
13,2010,"Leukaemia",6,2
15,2010,"Leukaemia",7,2
6,2010,"Leukaemia",8,2
24,2010,"Leukaemia",9,2
6,2010,"Leukaemia",11,2
32,2010,"Leukaemia",12,2
7,2010,"Leukaemia",13,2
16,2010,"Leukaemia",14,2
30,2010,"Leukaemia",15,2
17,2010,"Leukaemia",16,2
37,2010,"Leukaemia",17,2
23,2010,"Leukaemia",18,2
31,2011,"Leukaemia",1,1
16,2011,"Leukaemia",2,1
8,2011,"Leukaemia",3,1
14,2011,"Leukaemia",5,1
10,2011,"Leukaemia",10,1
12,2011,"Leukaemia",11,1
37,2011,"Leukaemia",12,1
32,2011,"Leukaemia",13,1
21,2011,"Leukaemia",14,1
42,2011,"Leukaemia",15,1
31,2011,"Leukaemia",16,1
41,2011,"Leukaemia",17,1
27,2011,"Leukaemia",18,1
5,2011,"Leukaemia",2,2
17,2011,"Leukaemia",4,2
11,2011,"Leukaemia",5,2
5,2011,"Leukaemia",6,2
24,2011,"Leukaemia",8,2
26,2011,"Leukaemia",9,2
32,2011,"Leukaemia",12,2
9,2011,"Leukaemia",13,2
3,2011,"Leukaemia",14,2
13,2011,"Leukaemia",15,2
6,2011,"Leukaemia",16,2
49,2011,"Leukaemia",17,2
37,2011,"Leukaemia",18,2
28,2012,"Leukaemia",1,1
18,2012,"Leukaemia",2,1
21,2012,"Leukaemia",3,1
12,2012,"Leukaemia",5,1
17,2012,"Leukaemia",9,1
32,2012,"Leukaemia",10,1
33,2012,"Leukaemia",11,1
33,2012,"Leukaemia",12,1
24,2012,"Leukaemia",13,1
55,2012,"Leukaemia",14,1
52,2012,"Leukaemia",15,1
37,2012,"Leukaemia",16,1
23,2012,"Leukaemia",17,1
9,2012,"Leukaemia",18,1
15,2012,"Leukaemia",1,2
15,2012,"Leukaemia",3,2
9,2012,"Leukaemia",4,2
19,2012,"Leukaemia",5,2
9,2012,"Leukaemia",7,2
2,2012,"Leukaemia",8,2
6,2012,"Leukaemia",9,2
6,2012,"Leukaemia",10,2
3,2012,"Leukaemia",11,2
27,2012,"Leukaemia",13,2
4,2012,"Leukaemia",14,2
25,2012,"Leukaemia",15,2
7,2012,"Leukaemia",16,2
18,2012,"Leukaemia",17,2
24,2012,"Leukaemia",18,2
19,2013,"Leukaemia",2,1
15,2013,"Leukaemia",3,1
5,2013,"Leukaemia",4,1
11,2013,"Leukaemia",6,1
14,2013,"Leukaemia",8,1
31,2013,"Leukaemia",9,1
19,2013,"Leukaemia",10,1
14,2013,"Leukaemia",11,1
30,2013,"Leukaemia",12,1
48,2013,"Leukaemia",13,1
42,2013,"Leukaemia",14,1
36,2013,"Leukaemia",15,1
23,2013,"Leukaemia",16,1
31,2013,"Leukaemia",17,1
12,2013,"Leukaemia",18,1
19,2013,"Leukaemia",9,2
23,2013,"Leukaemia",10,2
15,2013,"Leukaemia",11,2
16,2013,"Leukaemia",12,2
35,2013,"Leukaemia",13,2
5,2013,"Leukaemia",14,2
37,2013,"Leukaemia",15,2
40,2013,"Leukaemia",16,2
33,2013,"Leukaemia",18,2
16,2014,"Leukaemia",1,1
12,2014,"Leukaemia",2,1
3,2014,"Leukaemia",4,1
9,2014,"Leukaemia",5,1
7,2014,"Leukaemia",6,1
19,2014,"Leukaemia",8,1
4,2014,"Leukaemia",10,1
2,2014,"Leukaemia",11,1
19,2014,"Leukaemia",12,1
19,2014,"Leukaemia",13,1
56,2014,"Leukaemia",14,1
64,2014,"Leukaemia",15,1
50,2014,"Leukaemia",16,1
26,2014,"Leukaemia",17,1
10,2014,"Leukaemia",18,1
3,2014,"Leukaemia",1,2
7,2014,"Leukaemia",2,2
6,2014,"Leukaemia",4,2
17,2014,"Leukaemia",6,2
23,2014,"Leukaemia",7,2
21,2014,"Leukaemia",8,2
23,2014,"Leukaemia",9,2
1,2014,"Leukaemia",10,2
20,2014,"Leukaemia",11,2
17,2014,"Leukaemia",12,2
34,2014,"Leukaemia",14,2
34,2014,"Leukaemia",15,2
6,2014,"Leukaemia",16,2
20,2014,"Leukaemia",17,2
44,2014,"Leukaemia",18,2
18,2015,"Leukaemia",2,1
9,2015,"Leukaemia",3,1
1,2015,"Leukaemia",4,1
4,2015,"Leukaemia",5,1
1,2015,"Leukaemia",6,1
1,2015,"Leukaemia",7,1
12,2015,"Leukaemia",8,1
30,2015,"Leukaemia",10,1
20,2015,"Leukaemia",12,1
23,2015,"Leukaemia",13,1
68,2015,"Leukaemia",14,1
43,2015,"Leukaemia",15,1
33,2015,"Leukaemia",16,1
37,2015,"Leukaemia",17,1
22,2015,"Leukaemia",18,1
17,2015,"Leukaemia",2,2
3,2015,"Leukaemia",5,2
17,2015,"Leukaemia",6,2
26,2015,"Leukaemia",11,2
17,2015,"Leukaemia",12,2
13,2015,"Leukaemia",13,2
27,2015,"Leukaemia",14,2
6,2015,"Leukaemia",15,2
41,2015,"Leukaemia",16,2
12,2015,"Leukaemia",17,2
11,2015,"Leukaemia",18,2
4,2016,"Leukaemia",2,1
13,2016,"Leukaemia",3,1
5,2016,"Leukaemia",4,1
15,2016,"Leukaemia",7,1
16,2016,"Leukaemia",8,1
8,2016,"Leukaemia",10,1
13,2016,"Leukaemia",11,1
26,2016,"Leukaemia",12,1
35,2016,"Leukaemia",13,1
38,2016,"Leukaemia",14,1
44,2016,"Leukaemia",15,1
33,2016,"Leukaemia",16,1
44,2016,"Leukaemia",17,1
38,2016,"Leukaemia",18,1
19,2016,"Leukaemia",4,2
20,2016,"Leukaemia",5,2
23,2016,"Leukaemia",7,2
6,2016,"Leukaemia",8,2
23,2016,"Leukaemia",9,2
9,2016,"Leukaemia",11,2
2,2016,"Leukaemia",12,2
23,2016,"Leukaemia",13,2
51,2016,"Leukaemia",14,2
51,2016,"Leukaemia",15,2
34,2016,"Leukaemia",16,2
26,2016,"Leukaemia",17,2
25,2016,"Leukaemia",18,2
19,2017,"Leukaemia",1,1
7,2017,"Leukaemia",4,1
8,2017,"Leukaemia",5,1
5,2017,"Leukaemia",6,1
24,2017,"Leukaemia",8,1
25,2017,"Leukaemia",11,1
50,2017,"Leukaemia",12,1
38,2017,"Leukaemia",13,1
43,2017,"Leukaemia",14,1
62,2017,"Leukaemia",15,1
52,2017,"Leukaemia",16,1
32,2017,"Leukaemia",17,1
41,2017,"Leukaemia",18,1
22,2017,"Leukaemia",1,2
1,2017,"Leukaemia",2,2
13,2017,"Leukaemia",5,2
5,2017,"Leukaemia",6,2
8,2017,"Leukaemia",8,2
9,2017,"Leukaemia",9,2
24,2017,"Leukaemia",10,2
6,2017,"Leukaemia",11,2
26,2017,"Leukaemia",12,2
38,2017,"Leukaemia",13,2
39,2017,"Leukaemia",14,2
47,2017,"Leukaemia",15,2
38,2017,"Leukaemia",16,2
37,2017,"Leukaemia",17,2
18,2017,"Leukaemia",18,2
24,2018,"Leukaemia",1,1
11,2018,"Leukaemia",2,1
16,2018,"Leukaemia",4,1
23,2018,"Leukaemia",8,1
41,2018,"Leukaemia",11,1
12,2018,"Leukaemia",12,1
53,2018,"Leukaemia",13,1
47,2018,"Leukaemia",14,1
70,2018,"Leukaemia",15,1
63,2018,"Leukaemia",16,1
28,2018,"Leukaemia",17,1
39,2018,"Leukaemia",18,1
24,2018,"Leukaemia",1,2
22,2018,"Leukaemia",2,2
14,2018,"Leukaemia",3,2
17,2018,"Leukaemia",4,2
13,2018,"Leukaemia",6,2
1,2018,"Leukaemia",7,2
10,2018,"Leukaemia",8,2
15,2018,"Leukaemia",9,2
6,2018,"Leukaemia",12,2
33,2018,"Leukaemia",13,2
29,2018,"Leukaemia",14,2
46,2018,"Leukaemia",15,2
37,2018,"Leukaemia",16,2
10,2018,"Leukaemia",17,2
39,2018,"Leukaemia",18,2
22,2019,"Leukaemia",1,1
5,2019,"Leukaemia",2,1
17,2019,"Leukaemia",3,1
23,2019,"Leukaemia",4,1
19,2019,"Leukaemia",5,1
8,2019,"Leukaemia",9,1
17,2019,"Leukaemia",10,1
23,2019,"Leukaemia",11,1
23,2019,"Leukaemia",12,1
43,2019,"Leukaemia",13,1
55,2019,"Leukaemia",14,1
57,2019,"Leukaemia",15,1
57,2019,"Leukaemia",16,1
28,2019,"Leukaemia",17,1
26,2019,"Leukaemia",18,1
24,2019,"Leukaemia",2,2
18,2019,"Leukaemia",6,2
10,2019,"Leukaemia",7,2
13,2019,"Leukaemia",8,2
16,2019,"Leukaemia",9,2
3,2019,"Leukaemia",11,2
17,2019,"Leukaemia",12,2
21,2019,"Leukaemia",13,2
32,2019,"Leukaemia",14,2
57,2019,"Leukaemia",15,2
25,2019,"Leukaemia",16,2
20,2019,"Leukaemia",17,2
27,2019,"Leukaemia",18,2
24,2020,"Leukaemia",1,1
17,2020,"Leukaemia",3,1
12,2020,"Leukaemia",4,1
1,2020,"Leukaemia",5,1
17,2020,"Leukaemia",6,1
17,2020,"Leukaemia",7,1
1,2020,"Leukaemia",9,1
16,2020,"Leukaemia",10,1
16,2020,"Leukaemia",11,1
28,2020,"Leukaemia",12,1
51,2020,"Leukaemia",13,1
74,2020,"Leukaemia",14,1
49,2020,"Leukaemia",15,1
62,2020,"Leukaemia",16,1
68,2020,"Leukaemia",17,1
58,2020,"Leukaemia",18,1
15,2020,"Leukaemia",1,2
16,2020,"Leukaemia",2,2
9,2020,"Leukaemia",3,2
9,2020,"Leukaemia",6,2
15,2020,"Leukaemia",7,2
5,2020,"Leukaemia",10,2
22,2020,"Leukaemia",11,2
25,2020,"Leukaemia",13,2
16,2020,"Leukaemia",14,2
50,2020,"Leukaemia",15,2
26,2020,"Leukaemia",16,2
37,2020,"Leukaemia",17,2
32,2020,"Leukaemia",18,2
18,2021,"Leukaemia",2,1
6,2021,"Leukaemia",3,1
14,2021,"Leukaemia",6,1
8,2021,"Leukaemia",7,1
31,2021,"Leukaemia",9,1
18,2021,"Leukaemia",10,1
14,2021,"Leukaemia",11,1
26,2021,"Leukaemia",12,1
47,2021,"Leukaemia",13,1
63,2021,"Leukaemia",14,1
97,2021,"Leukaemia",15,1
77,2021,"Leukaemia",16,1
58,2021,"Leukaemia",17,1
26,2021,"Leukaemia",18,1
7,2021,"Leukaemia",1,2
15,2021,"Leukaemia",2,2
18,2021,"Leukaemia",3,2
11,2021,"Leukaemia",4,2
19,2021,"Leukaemia",5,2
16,2021,"Leukaemia",6,2
14,2021,"Leukaemia",7,2
22,2021,"Leukaemia",10,2
18,2021,"Leukaemia",11,2
12,2021,"Leukaemia",12,2
36,2021,"Leukaemia",13,2
47,2021,"Leukaemia",14,2
33,2021,"Leukaemia",15,2
32,2021,"Leukaemia",16,2
13,2021,"Leukaemia",17,2
32,2021,"Leukaemia",18,2
9,2022,"Leukaemia",1,1
7,2022,"Leukaemia",2,1
1,2022,"Leukaemia",3,1
14,2022,"Leukaemia",5,1
14,2022,"Leukaemia",7,1
12,2022,"Leukaemia",8,1
16,2022,"Leukaemia",9,1
21,2022,"Leukaemia",11,1
17,2022,"Leukaemia",12,1
59,2022,"Leukaemia",13,1
63,2022,"Leukaemia",14,1
57,2022,"Leukaemia",15,1
85,2022,"Leukaemia",16,1
60,2022,"Leukaemia",17,1
53,2022,"Leukaemia",18,1
12,2022,"Leukaemia",1,2
17,2022,"Leukaemia",2,2
24,2022,"Leukaemia",3,2
19,2022,"Leukaemia",4,2
19,2022,"Leukaemia",6,2
22,2022,"Leukaemia",8,2
3,2022,"Leukaemia",10,2
7,2022,"Leukaemia",11,2
1,2022,"Leukaemia",12,2
13,2022,"Leukaemia",13,2
27,2022,"Leukaemia",14,2
49,2022,"Leukaemia",15,2
54,2022,"Leukaemia",16,2
20,2022,"Leukaemia",17,2
55,2022,"Leukaemia",18,2
16,2023,"Leukaemia",1,1
6,2023,"Leukaemia",5,1
5,2023,"Leukaemia",7,1
4,2023,"Leukaemia",8,1
1,2023,"Leukaemia",10,1
23,2023,"Leukaemia",11,1
15,2023,"Leukaemia",12,1
54,2023,"Leukaemia",13,1
65,2023,"Leukaemia",14,1
68,2023,"Leukaemia",15,1
60,2023,"Leukaemia",16,1
39,2023,"Leukaemia",17,1
43,2023,"Leukaemia",18,1
18,2023,"Leukaemia",2,2
15,2023,"Leukaemia",4,2
7,2023,"Leukaemia",8,2
29,2023,"Leukaemia",10,2
14,2023,"Leukaemia",12,2
9,2023,"Leukaemia",13,2
46,2023,"Leukaemia",14,2
19,2023,"Leukaemia",15,2
45,2023,"Leukaemia",16,2
14,2023,"Leukaemia",17,2
19,2023,"Leukaemia",18,2
17,2005,"All cancers",2,1
9,2005,"All cancers",3,1
43,2005,"All cancers",4,1
65,2005,"All cancers",5,1
58,2005,"All cancers",6,1
89,2005,"All cancers",7,1
142,2005,"All cancers",8,1
200,2005,"All cancers",9,1
294,2005,"All cancers",10,1
507,2005,"All cancers",11,1
842,2005,"All cancers",12,1
1069,2005,"All cancers",13,1
1131,2005,"All cancers",14,1
1104,2005,"All cancers",15,1
995,2005,"All cancers",16,1
732,2005,"All cancers",17,1
475,2005,"All cancers",18,1
30,2005,"All cancers",1,2
6,2005,"All cancers",2,2
30,2005,"All cancers",3,2
24,2005,"All cancers",4,2
47,2005,"All cancers",5,2
62,2005,"All cancers",6,2
148,2005,"All cancers",7,2
219,2005,"All cancers",8,2
287,2005,"All cancers",9,2
438,2005,"All cancers",10,2
537,2005,"All cancers",11,2
637,2005,"All cancers",12,2
634,2005,"All cancers",13,2
659,2005,"All cancers",14,2
609,2005,"All cancers",15,2
637,2005,"All cancers",16,2
566,2005,"All cancers",17,2
494,2005,"All cancers",18,2
22,2006,"All cancers",1,1
3,2006,"All cancers",3,1
52,2006,"All cancers",4,1
41,2006,"All cancers",5,1
72,2006,"All cancers",6,1
77,2006,"All cancers",7,1
121,2006,"All cancers",8,1
168,2006,"All cancers",9,1
308,2006,"All cancers",10,1
536,2006,"All cancers",11,1
967,2006,"All cancers",12,1
1059,2006,"All cancers",13,1
1236,2006,"All cancers",14,1
1154,2006,"All cancers",15,1
1072,2006,"All cancers",16,1
765,2006,"All cancers",17,1
495,2006,"All cancers",18,1
36,2006,"All cancers",1,2
28,2006,"All cancers",2,2
5,2006,"All cancers",3,2
40,2006,"All cancers",4,2
40,2006,"All cancers",5,2
95,2006,"All cancers",6,2
133,2006,"All cancers",7,2
186,2006,"All cancers",8,2
321,2006,"All cancers",9,2
470,2006,"All cancers",10,2
531,2006,"All cancers",11,2
713,2006,"All cancers",12,2
668,2006,"All cancers",13,2
702,2006,"All cancers",14,2
594,2006,"All cancers",15,2
645,2006,"All cancers",16,2
593,2006,"All cancers",17,2
495,2006,"All cancers",18,2
7,2007,"All cancers",1,1
17,2007,"All cancers",2,1
18,2007,"All cancers",4,1
29,2007,"All cancers",5,1
37,2007,"All cancers",6,1
90,2007,"All cancers",7,1
134,2007,"All cancers",8,1
164,2007,"All cancers",9,1
362,2007,"All cancers",10,1
566,2007,"All cancers",11,1
965,2007,"All cancers",12,1
1240,2007,"All cancers",13,1
1354,2007,"All cancers",14,1
1182,2007,"All cancers",15,1
1076,2007,"All cancers",16,1
790,2007,"All cancers",17,1
579,2007,"All cancers",18,1
3,2007,"All cancers",1,2
22,2007,"All cancers",2,2
1,2007,"All cancers",3,2
34,2007,"All cancers",4,2
42,2007,"All cancers",5,2
69,2007,"All cancers",6,2
138,2007,"All cancers",7,2
181,2007,"All cancers",8,2
350,2007,"All cancers",9,2
427,2007,"All cancers",10,2
579,2007,"All cancers",11,2
701,2007,"All cancers",12,2
717,2007,"All cancers",13,2
725,2007,"All cancers",14,2
645,2007,"All cancers",15,2
612,2007,"All cancers",16,2
582,2007,"All cancers",17,2
556,2007,"All cancers",18,2
15,2008,"All cancers",1,1
1,2008,"All cancers",2,1
15,2008,"All cancers",3,1
35,2008,"All cancers",4,1
32,2008,"All cancers",5,1
71,2008,"All cancers",6,1
82,2008,"All cancers",7,1
163,2008,"All cancers",8,1
203,2008,"All cancers",9,1
338,2008,"All cancers",10,1
562,2008,"All cancers",11,1
981,2008,"All cancers",12,1
1278,2008,"All cancers",13,1
1413,2008,"All cancers",14,1
1252,2008,"All cancers",15,1
1085,2008,"All cancers",16,1
860,2008,"All cancers",17,1
567,2008,"All cancers",18,1
24,2008,"All cancers",1,2
17,2008,"All cancers",2,2
25,2008,"All cancers",3,2
15,2008,"All cancers",4,2
55,2008,"All cancers",5,2
92,2008,"All cancers",6,2
154,2008,"All cancers",7,2
218,2008,"All cancers",8,2
340,2008,"All cancers",9,2
472,2008,"All cancers",10,2
608,2008,"All cancers",11,2
726,2008,"All cancers",12,2
769,2008,"All cancers",13,2
774,2008,"All cancers",14,2
621,2008,"All cancers",15,2
637,2008,"All cancers",16,2
559,2008,"All cancers",17,2
621,2008,"All cancers",18,2
6,2009,"All cancers",1,1
14,2009,"All cancers",2,1
36,2009,"All cancers",3,1
35,2009,"All cancers",4,1
51,2009,"All cancers",5,1
54,2009,"All cancers",6,1
101,2009,"All cancers",7,1
162,2009,"All cancers",8,1
202,2009,"All cancers",9,1
370,2009,"All cancers",10,1
633,2009,"All cancers",11,1
939,2009,"All cancers",12,1
1380,2009,"All cancers",13,1
1440,2009,"All cancers",14,1
1229,2009,"All cancers",15,1
1057,2009,"All cancers",16,1
793,2009,"All cancers",17,1
627,2009,"All cancers",18,1
12,2009,"All cancers",1,2
27,2009,"All cancers",3,2
20,2009,"All cancers",4,2
35,2009,"All cancers",5,2
97,2009,"All cancers",6,2
150,2009,"All cancers",7,2
223,2009,"All cancers",8,2
353,2009,"All cancers",9,2
472,2009,"All cancers",10,2
598,2009,"All cancers",11,2
727,2009,"All cancers",12,2
832,2009,"All cancers",13,2
784,2009,"All cancers",14,2
760,2009,"All cancers",15,2
687,2009,"All cancers",16,2
618,2009,"All cancers",17,2
646,2009,"All cancers",18,2
2,2010,"All cancers",1,1
29,2010,"All cancers",3,1
8,2010,"All cancers",4,1
43,2010,"All cancers",5,1
71,2010,"All cancers",6,1
83,2010,"All cancers",7,1
127,2010,"All cancers",8,1
182,2010,"All cancers",9,1
360,2010,"All cancers",10,1
603,2010,"All cancers",11,1
916,2010,"All cancers",12,1
1395,2010,"All cancers",13,1
1487,2010,"All cancers",14,1
1329,2010,"All cancers",15,1
1065,2010,"All cancers",16,1
809,2010,"All cancers",17,1
682,2010,"All cancers",18,1
5,2010,"All cancers",1,2
15,2010,"All cancers",4,2
21,2010,"All cancers",5,2
102,2010,"All cancers",6,2
136,2010,"All cancers",7,2
205,2010,"All cancers",8,2
335,2010,"All cancers",9,2
559,2010,"All cancers",10,2
632,2010,"All cancers",11,2
691,2010,"All cancers",12,2
863,2010,"All cancers",13,2
838,2010,"All cancers",14,2
734,2010,"All cancers",15,2
653,2010,"All cancers",16,2
611,2010,"All cancers",17,2
664,2010,"All cancers",18,2
18,2011,"All cancers",1,1
28,2011,"All cancers",2,1
22,2011,"All cancers",3,1
27,2011,"All cancers",4,1
27,2011,"All cancers",5,1
83,2011,"All cancers",6,1
93,2011,"All cancers",7,1
160,2011,"All cancers",8,1
230,2011,"All cancers",9,1
341,2011,"All cancers",10,1
586,2011,"All cancers",11,1
1016,2011,"All cancers",12,1
1387,2011,"All cancers",13,1
1512,2011,"All cancers",14,1
1375,2011,"All cancers",15,1
1125,2011,"All cancers",16,1
865,2011,"All cancers",17,1
690,2011,"All cancers",18,1
31,2011,"All cancers",1,2
5,2011,"All cancers",2,2
8,2011,"All cancers",3,2
11,2011,"All cancers",4,2
42,2011,"All cancers",5,2
94,2011,"All cancers",6,2
129,2011,"All cancers",7,2
217,2011,"All cancers",8,2
321,2011,"All cancers",9,2
477,2011,"All cancers",10,2
614,2011,"All cancers",11,2
696,2011,"All cancers",12,2
867,2011,"All cancers",13,2
801,2011,"All cancers",14,2
780,2011,"All cancers",15,2
681,2011,"All cancers",16,2
622,2011,"All cancers",17,2
736,2011,"All cancers",18,2
14,2012,"All cancers",1,1
4,2012,"All cancers",2,1
35,2012,"All cancers",4,1
54,2012,"All cancers",5,1
83,2012,"All cancers",6,1
73,2012,"All cancers",7,1
157,2012,"All cancers",8,1
210,2012,"All cancers",9,1
361,2012,"All cancers",10,1
649,2012,"All cancers",11,1
992,2012,"All cancers",12,1
1376,2012,"All cancers",13,1
1713,2012,"All cancers",14,1
1426,2012,"All cancers",15,1
1200,2012,"All cancers",16,1
898,2012,"All cancers",17,1
686,2012,"All cancers",18,1
20,2012,"All cancers",1,2
25,2012,"All cancers",3,2
5,2012,"All cancers",4,2
40,2012,"All cancers",5,2
104,2012,"All cancers",6,2
156,2012,"All cancers",7,2
204,2012,"All cancers",8,2
341,2012,"All cancers",9,2
535,2012,"All cancers",10,2
681,2012,"All cancers",11,2
688,2012,"All cancers",12,2
920,2012,"All cancers",13,2
973,2012,"All cancers",14,2
822,2012,"All cancers",15,2
690,2012,"All cancers",16,2
635,2012,"All cancers",17,2
744,2012,"All cancers",18,2
34,2013,"All cancers",1,1
11,2013,"All cancers",2,1
13,2013,"All cancers",3,1
24,2013,"All cancers",4,1
39,2013,"All cancers",5,1
85,2013,"All cancers",6,1
97,2013,"All cancers",7,1
147,2013,"All cancers",8,1
246,2013,"All cancers",9,1
363,2013,"All cancers",10,1
670,2013,"All cancers",11,1
953,2013,"All cancers",12,1
1371,2013,"All cancers",13,1
1732,2013,"All cancers",14,1
1508,2013,"All cancers",15,1
1205,2013,"All cancers",16,1
892,2013,"All cancers",17,1
760,2013,"All cancers",18,1
15,2013,"All cancers",1,2
15,2013,"All cancers",2,2
37,2013,"All cancers",3,2
24,2013,"All cancers",4,2
36,2013,"All cancers",5,2
112,2013,"All cancers",6,2
184,2013,"All cancers",7,2
240,2013,"All cancers",8,2
379,2013,"All cancers",9,2
557,2013,"All cancers",10,2
748,2013,"All cancers",11,2
744,2013,"All cancers",12,2
861,2013,"All cancers",13,2
1017,2013,"All cancers",14,2
848,2013,"All cancers",15,2
743,2013,"All cancers",16,2
633,2013,"All cancers",17,2
754,2013,"All cancers",18,2
27,2014,"All cancers",1,1
32,2014,"All cancers",2,1
40,2014,"All cancers",4,1
57,2014,"All cancers",5,1
62,2014,"All cancers",6,1
117,2014,"All cancers",7,1
143,2014,"All cancers",8,1
254,2014,"All cancers",9,1
328,2014,"All cancers",10,1
634,2014,"All cancers",11,1
970,2014,"All cancers",12,1
1392,2014,"All cancers",13,1
1780,2014,"All cancers",14,1
1516,2014,"All cancers",15,1
1232,2014,"All cancers",16,1
894,2014,"All cancers",17,1
797,2014,"All cancers",18,1
10,2014,"All cancers",1,2
30,2014,"All cancers",2,2
34,2014,"All cancers",3,2
10,2014,"All cancers",4,2
36,2014,"All cancers",5,2
106,2014,"All cancers",6,2
151,2014,"All cancers",7,2
227,2014,"All cancers",8,2
390,2014,"All cancers",9,2
544,2014,"All cancers",10,2
686,2014,"All cancers",11,2
736,2014,"All cancers",12,2
940,2014,"All cancers",13,2
1085,2014,"All cancers",14,2
955,2014,"All cancers",15,2
766,2014,"All cancers",16,2
674,2014,"All cancers",17,2
784,2014,"All cancers",18,2
8,2015,"All cancers",1,1
23,2015,"All cancers",2,1
2,2015,"All cancers",3,1
10,2015,"All cancers",4,1
66,2015,"All cancers",5,1
67,2015,"All cancers",6,1
100,2015,"All cancers",7,1
152,2015,"All cancers",8,1
243,2015,"All cancers",9,1
396,2015,"All cancers",10,1
629,2015,"All cancers",11,1
981,2015,"All cancers",12,1
1348,2015,"All cancers",13,1
1828,2015,"All cancers",14,1
1572,2015,"All cancers",15,1
1293,2015,"All cancers",16,1
923,2015,"All cancers",17,1
819,2015,"All cancers",18,1
4,2015,"All cancers",1,2
5,2015,"All cancers",2,2
37,2015,"All cancers",3,2
6,2015,"All cancers",4,2
45,2015,"All cancers",5,2
82,2015,"All cancers",6,2
162,2015,"All cancers",7,2
204,2015,"All cancers",8,2
433,2015,"All cancers",9,2
530,2015,"All cancers",10,2
683,2015,"All cancers",11,2
797,2015,"All cancers",12,2
968,2015,"All cancers",13,2
1115,2015,"All cancers",14,2
985,2015,"All cancers",15,2
805,2015,"All cancers",16,2
645,2015,"All cancers",17,2
821,2015,"All cancers",18,2
34,2016,"All cancers",1,1
17,2016,"All cancers",2,1
20,2016,"All cancers",3,1
26,2016,"All cancers",4,1
30,2016,"All cancers",5,1
75,2016,"All cancers",6,1
100,2016,"All cancers",7,1
134,2016,"All cancers",8,1
229,2016,"All cancers",9,1
372,2016,"All cancers",10,1
564,2016,"All cancers",11,1
1061,2016,"All cancers",12,1
1380,2016,"All cancers",13,1
1796,2016,"All cancers",14,1
1713,2016,"All cancers",15,1
1441,2016,"All cancers",16,1
933,2016,"All cancers",17,1
860,2016,"All cancers",18,1
25,2016,"All cancers",1,2
4,2016,"All cancers",2,2
18,2016,"All cancers",3,2
14,2016,"All cancers",4,2
52,2016,"All cancers",5,2
92,2016,"All cancers",6,2
198,2016,"All cancers",7,2
239,2016,"All cancers",8,2
367,2016,"All cancers",9,2
558,2016,"All cancers",10,2
683,2016,"All cancers",11,2
827,2016,"All cancers",12,2
990,2016,"All cancers",13,2
1163,2016,"All cancers",14,2
1036,2016,"All cancers",15,2
883,2016,"All cancers",16,2
681,2016,"All cancers",17,2
842,2016,"All cancers",18,2
3,2017,"All cancers",1,1
17,2017,"All cancers",2,1
19,2017,"All cancers",3,1
44,2017,"All cancers",4,1
61,2017,"All cancers",5,1
93,2017,"All cancers",6,1
115,2017,"All cancers",7,1
150,2017,"All cancers",8,1
260,2017,"All cancers",9,1
368,2017,"All cancers",10,1
642,2017,"All cancers",11,1
1064,2017,"All cancers",12,1
1404,2017,"All cancers",13,1
1950,2017,"All cancers",14,1
1928,2017,"All cancers",15,1
1412,2017,"All cancers",16,1
990,2017,"All cancers",17,1
907,2017,"All cancers",18,1
41,2017,"All cancers",1,2
28,2017,"All cancers",3,2
35,2017,"All cancers",4,2
62,2017,"All cancers",5,2
89,2017,"All cancers",6,2
203,2017,"All cancers",7,2
273,2017,"All cancers",8,2
379,2017,"All cancers",9,2
568,2017,"All cancers",10,2
710,2017,"All cancers",11,2
892,2017,"All cancers",12,2
945,2017,"All cancers",13,2
1120,2017,"All cancers",14,2
1182,2017,"All cancers",15,2
848,2017,"All cancers",16,2
676,2017,"All cancers",17,2
841,2017,"All cancers",18,2
23,2018,"All cancers",1,1
23,2018,"All cancers",2,1
35,2018,"All cancers",3,1
18,2018,"All cancers",4,1
40,2018,"All cancers",5,1
94,2018,"All cancers",6,1
103,2018,"All cancers",7,1
153,2018,"All cancers",8,1
207,2018,"All cancers",9,1
402,2018,"All cancers",10,1
638,2018,"All cancers",11,1
1079,2018,"All cancers",12,1
1492,2018,"All cancers",13,1
1985,2018,"All cancers",14,1
2043,2018,"All cancers",15,1
1529,2018,"All cancers",16,1
1087,2018,"All cancers",17,1
836,2018,"All cancers",18,1
21,2018,"All cancers",1,2
13,2018,"All cancers",2,2
3,2018,"All cancers",3,2
24,2018,"All cancers",4,2
67,2018,"All cancers",5,2
83,2018,"All cancers",6,2
199,2018,"All cancers",7,2
269,2018,"All cancers",8,2
385,2018,"All cancers",9,2
581,2018,"All cancers",10,2
722,2018,"All cancers",11,2
937,2018,"All cancers",12,2
1059,2018,"All cancers",13,2
1203,2018,"All cancers",14,2
1173,2018,"All cancers",15,2
931,2018,"All cancers",16,2
760,2018,"All cancers",17,2
906,2018,"All cancers",18,2
17,2019,"All cancers",1,1
31,2019,"All cancers",2,1
8,2019,"All cancers",3,1
25,2019,"All cancers",4,1
49,2019,"All cancers",5,1
94,2019,"All cancers",6,1
118,2019,"All cancers",7,1
182,2019,"All cancers",8,1
225,2019,"All cancers",9,1
388,2019,"All cancers",10,1
681,2019,"All cancers",11,1
1078,2019,"All cancers",12,1
1513,2019,"All cancers",13,1
1975,2019,"All cancers",14,1
2079,2019,"All cancers",15,1
1628,2019,"All cancers",16,1
1090,2019,"All cancers",17,1
989,2019,"All cancers",18,1
21,2019,"All cancers",1,2
31,2019,"All cancers",2,2
21,2019,"All cancers",3,2
30,2019,"All cancers",4,2
66,2019,"All cancers",5,2
122,2019,"All cancers",6,2
198,2019,"All cancers",7,2
303,2019,"All cancers",8,2
373,2019,"All cancers",9,2
616,2019,"All cancers",10,2
755,2019,"All cancers",11,2
916,2019,"All cancers",12,2
1066,2019,"All cancers",13,2
1185,2019,"All cancers",14,2
1257,2019,"All cancers",15,2
1020,2019,"All cancers",16,2
757,2019,"All cancers",17,2
871,2019,"All cancers",18,2
39,2020,"All cancers",1,1
7,2020,"All cancers",2,1
37,2020,"All cancers",4,1
32,2020,"All cancers",5,1
88,2020,"All cancers",6,1
126,2020,"All cancers",7,1
154,2020,"All cancers",8,1
206,2020,"All cancers",9,1
359,2020,"All cancers",10,1
638,2020,"All cancers",11,1
1059,2020,"All cancers",12,1
1488,2020,"All cancers",13,1
1951,2020,"All cancers",14,1
2133,2020,"All cancers",15,1
1670,2020,"All cancers",16,1
1142,2020,"All cancers",17,1
973,2020,"All cancers",18,1
12,2020,"All cancers",1,2
20,2020,"All cancers",2,2
24,2020,"All cancers",3,2
46,2020,"All cancers",4,2
58,2020,"All cancers",5,2
98,2020,"All cancers",6,2
165,2020,"All cancers",7,2
267,2020,"All cancers",8,2
406,2020,"All cancers",9,2
632,2020,"All cancers",10,2
727,2020,"All cancers",11,2
904,2020,"All cancers",12,2
1086,2020,"All cancers",13,2
1188,2020,"All cancers",14,2
1369,2020,"All cancers",15,2
986,2020,"All cancers",16,2
807,2020,"All cancers",17,2
927,2020,"All cancers",18,2
29,2021,"All cancers",1,1
8,2021,"All cancers",2,1
16,2021,"All cancers",3,1
16,2021,"All cancers",4,1
31,2021,"All cancers",5,1
87,2021,"All cancers",6,1
121,2021,"All cancers",7,1
175,2021,"All cancers",8,1
208,2021,"All cancers",9,1
385,2021,"All cancers",10,1
698,2021,"All cancers",11,1
1025,2021,"All cancers",12,1
1564,2021,"All cancers",13,1
1903,2021,"All cancers",14,1
2193,2021,"All cancers",15,1
1866,2021,"All cancers",16,1
1200,2021,"All cancers",17,1
1067,2021,"All cancers",18,1
26,2021,"All cancers",1,2
22,2021,"All cancers",2,2
15,2021,"All cancers",3,2
19,2021,"All cancers",4,2
26,2021,"All cancers",5,2
97,2021,"All cancers",6,2
150,2021,"All cancers",7,2
309,2021,"All cancers",8,2
373,2021,"All cancers",9,2
604,2021,"All cancers",10,2
735,2021,"All cancers",11,2
944,2021,"All cancers",12,2
1089,2021,"All cancers",13,2
1212,2021,"All cancers",14,2
1372,2021,"All cancers",15,2
1028,2021,"All cancers",16,2
849,2021,"All cancers",17,2
892,2021,"All cancers",18,2
44,2022,"All cancers",1,1
23,2022,"All cancers",2,1
28,2022,"All cancers",3,1
13,2022,"All cancers",4,1
14,2022,"All cancers",5,1
84,2022,"All cancers",6,1
87,2022,"All cancers",7,1
169,2022,"All cancers",8,1
224,2022,"All cancers",9,1
397,2022,"All cancers",10,1
681,2022,"All cancers",11,1
1146,2022,"All cancers",12,1
1782,2022,"All cancers",13,1
2213,2022,"All cancers",14,1
2529,2022,"All cancers",15,1
2196,2022,"All cancers",16,1
1301,2022,"All cancers",17,1
1028,2022,"All cancers",18,1
31,2022,"All cancers",1,2
37,2022,"All cancers",3,2
48,2022,"All cancers",4,2
34,2022,"All cancers",5,2
97,2022,"All cancers",6,2
153,2022,"All cancers",7,2
271,2022,"All cancers",8,2
427,2022,"All cancers",9,2
583,2022,"All cancers",10,2
762,2022,"All cancers",11,2
839,2022,"All cancers",12,2
1073,2022,"All cancers",13,2
1222,2022,"All cancers",14,2
1241,2022,"All cancers",15,2
1156,2022,"All cancers",16,2
847,2022,"All cancers",17,2
986,2022,"All cancers",18,2
34,2023,"All cancers",1,1
4,2023,"All cancers",2,1
29,2023,"All cancers",3,1
23,2023,"All cancers",4,1
47,2023,"All cancers",5,1
92,2023,"All cancers",6,1
111,2023,"All cancers",7,1
187,2023,"All cancers",8,1
253,2023,"All cancers",9,1
382,2023,"All cancers",10,1
685,2023,"All cancers",11,1
1133,2023,"All cancers",12,1
1835,2023,"All cancers",13,1
2295,2023,"All cancers",14,1
2507,2023,"All cancers",15,1
2307,2023,"All cancers",16,1
1407,2023,"All cancers",17,1
1057,2023,"All cancers",18,1
45,2023,"All cancers",1,2
31,2023,"All cancers",2,2
7,2023,"All cancers",3,2
45,2023,"All cancers",4,2
47,2023,"All cancers",5,2
96,2023,"All cancers",6,2
180,2023,"All cancers",7,2
275,2023,"All cancers",8,2
408,2023,"All cancers",9,2
573,2023,"All cancers",10,2
835,2023,"All cancers",11,2
886,2023,"All cancers",12,2
1152,2023,"All cancers",13,2
1307,2023,"All cancers",14,2
1400,2023,"All cancers",15,2
1289,2023,"All cancers",16,2
885,2023,"All cancers",17,2
910,2023,"All cancers",18,2
